26-05-12.13:45:26.808 [main            ] WARN  PostProcessorRegistrationDelegate$BeanPostProcessorChecker - Bean 'org.springframework.ai.mcp.client.common.autoconfigure.annotations.McpClientAnnotationScannerAutoConfiguration' of type [org.springframework.ai.mcp.client.common.autoconfigure.annotations.McpClientAnnotationScannerAutoConfiguration] is not eligible for getting processed by all BeanPostProcessors (for example: not eligible for auto-proxying). Is this bean getting eagerly injected/applied to a currently created BeanPostProcessor [clientAnnotatedMethodBeanPostProcessor]? Check the corresponding BeanPostProcessor declaration and its dependencies/advisors. If this bean does not have to be post-processed, declare it with ROLE_INFRASTRUCTURE.
26-05-12.13:45:26.812 [main            ] WARN  PostProcessorRegistrationDelegate$BeanPostProcessorChecker - Bean 'clientAnnotatedBeans' of type [org.springframework.ai.mcp.client.common.autoconfigure.annotations.McpClientAnnotationScannerAutoConfiguration$ClientMcpAnnotatedBeans] is not eligible for getting processed by all BeanPostProcessors (for example: not eligible for auto-proxying). Is this bean getting eagerly injected/applied to a currently created BeanPostProcessor [clientAnnotatedMethodBeanPostProcessor]? Check the corresponding BeanPostProcessor declaration and its dependencies/advisors. If this bean does not have to be post-processed, declare it with ROLE_INFRASTRUCTURE.
26-05-12.13:45:26.823 [main            ] WARN  PostProcessorRegistrationDelegate$BeanPostProcessorChecker - Bean 'spring.ai.mcp.client.annotation-scanner-org.springframework.ai.mcp.client.common.autoconfigure.annotations.McpClientAnnotationScannerProperties' of type [org.springframework.ai.mcp.client.common.autoconfigure.annotations.McpClientAnnotationScannerProperties] is not eligible for getting processed by all BeanPostProcessors (for example: not eligible for auto-proxying). Is this bean getting eagerly injected/applied to a currently created BeanPostProcessor [clientAnnotatedMethodBeanPostProcessor]? Check the corresponding BeanPostProcessor declaration and its dependencies/advisors. If this bean does not have to be post-processed, declare it with ROLE_INFRASTRUCTURE.
26-05-12.13:45:28.361 [main            ] WARN  SyncMcpSamplingProvider - No sampling methods found
26-05-12.13:45:28.364 [main            ] WARN  SyncMcpElicitationProvider - No elicitation methods found
26-05-12.13:46:27.060 [main            ] WARN  PostProcessorRegistrationDelegate$BeanPostProcessorChecker - Bean 'org.springframework.ai.mcp.client.common.autoconfigure.annotations.McpClientAnnotationScannerAutoConfiguration' of type [org.springframework.ai.mcp.client.common.autoconfigure.annotations.McpClientAnnotationScannerAutoConfiguration] is not eligible for getting processed by all BeanPostProcessors (for example: not eligible for auto-proxying). Is this bean getting eagerly injected/applied to a currently created BeanPostProcessor [clientAnnotatedMethodBeanPostProcessor]? Check the corresponding BeanPostProcessor declaration and its dependencies/advisors. If this bean does not have to be post-processed, declare it with ROLE_INFRASTRUCTURE.
26-05-12.13:46:27.064 [main            ] WARN  PostProcessorRegistrationDelegate$BeanPostProcessorChecker - Bean 'clientAnnotatedBeans' of type [org.springframework.ai.mcp.client.common.autoconfigure.annotations.McpClientAnnotationScannerAutoConfiguration$ClientMcpAnnotatedBeans] is not eligible for getting processed by all BeanPostProcessors (for example: not eligible for auto-proxying). Is this bean getting eagerly injected/applied to a currently created BeanPostProcessor [clientAnnotatedMethodBeanPostProcessor]? Check the corresponding BeanPostProcessor declaration and its dependencies/advisors. If this bean does not have to be post-processed, declare it with ROLE_INFRASTRUCTURE.
26-05-12.13:46:27.078 [main            ] WARN  PostProcessorRegistrationDelegate$BeanPostProcessorChecker - Bean 'spring.ai.mcp.client.annotation-scanner-org.springframework.ai.mcp.client.common.autoconfigure.annotations.McpClientAnnotationScannerProperties' of type [org.springframework.ai.mcp.client.common.autoconfigure.annotations.McpClientAnnotationScannerProperties] is not eligible for getting processed by all BeanPostProcessors (for example: not eligible for auto-proxying). Is this bean getting eagerly injected/applied to a currently created BeanPostProcessor [clientAnnotatedMethodBeanPostProcessor]? Check the corresponding BeanPostProcessor declaration and its dependencies/advisors. If this bean does not have to be post-processed, declare it with ROLE_INFRASTRUCTURE.
26-05-12.13:46:28.733 [main            ] WARN  SyncMcpSamplingProvider - No sampling methods found
26-05-12.13:46:28.736 [main            ] WARN  SyncMcpElicitationProvider - No elicitation methods found
26-05-12.13:47:06.904 [main            ] WARN  PostProcessorRegistrationDelegate$BeanPostProcessorChecker - Bean 'org.springframework.ai.mcp.client.common.autoconfigure.annotations.McpClientAnnotationScannerAutoConfiguration' of type [org.springframework.ai.mcp.client.common.autoconfigure.annotations.McpClientAnnotationScannerAutoConfiguration] is not eligible for getting processed by all BeanPostProcessors (for example: not eligible for auto-proxying). Is this bean getting eagerly injected/applied to a currently created BeanPostProcessor [clientAnnotatedMethodBeanPostProcessor]? Check the corresponding BeanPostProcessor declaration and its dependencies/advisors. If this bean does not have to be post-processed, declare it with ROLE_INFRASTRUCTURE.
26-05-12.13:47:06.907 [main            ] WARN  PostProcessorRegistrationDelegate$BeanPostProcessorChecker - Bean 'clientAnnotatedBeans' of type [org.springframework.ai.mcp.client.common.autoconfigure.annotations.McpClientAnnotationScannerAutoConfiguration$ClientMcpAnnotatedBeans] is not eligible for getting processed by all BeanPostProcessors (for example: not eligible for auto-proxying). Is this bean getting eagerly injected/applied to a currently created BeanPostProcessor [clientAnnotatedMethodBeanPostProcessor]? Check the corresponding BeanPostProcessor declaration and its dependencies/advisors. If this bean does not have to be post-processed, declare it with ROLE_INFRASTRUCTURE.
26-05-12.13:47:06.913 [main            ] WARN  PostProcessorRegistrationDelegate$BeanPostProcessorChecker - Bean 'spring.ai.mcp.client.annotation-scanner-org.springframework.ai.mcp.client.common.autoconfigure.annotations.McpClientAnnotationScannerProperties' of type [org.springframework.ai.mcp.client.common.autoconfigure.annotations.McpClientAnnotationScannerProperties] is not eligible for getting processed by all BeanPostProcessors (for example: not eligible for auto-proxying). Is this bean getting eagerly injected/applied to a currently created BeanPostProcessor [clientAnnotatedMethodBeanPostProcessor]? Check the corresponding BeanPostProcessor declaration and its dependencies/advisors. If this bean does not have to be post-processed, declare it with ROLE_INFRASTRUCTURE.
26-05-12.13:47:08.525 [main            ] WARN  SyncMcpSamplingProvider - No sampling methods found
26-05-12.13:47:08.529 [main            ] WARN  SyncMcpElicitationProvider - No elicitation methods found
26-05-12.13:47:25.211 [main            ] WARN  PostProcessorRegistrationDelegate$BeanPostProcessorChecker - Bean 'org.springframework.ai.mcp.client.common.autoconfigure.annotations.McpClientAnnotationScannerAutoConfiguration' of type [org.springframework.ai.mcp.client.common.autoconfigure.annotations.McpClientAnnotationScannerAutoConfiguration] is not eligible for getting processed by all BeanPostProcessors (for example: not eligible for auto-proxying). Is this bean getting eagerly injected/applied to a currently created BeanPostProcessor [clientAnnotatedMethodBeanPostProcessor]? Check the corresponding BeanPostProcessor declaration and its dependencies/advisors. If this bean does not have to be post-processed, declare it with ROLE_INFRASTRUCTURE.
26-05-12.13:47:25.213 [main            ] WARN  PostProcessorRegistrationDelegate$BeanPostProcessorChecker - Bean 'clientAnnotatedBeans' of type [org.springframework.ai.mcp.client.common.autoconfigure.annotations.McpClientAnnotationScannerAutoConfiguration$ClientMcpAnnotatedBeans] is not eligible for getting processed by all BeanPostProcessors (for example: not eligible for auto-proxying). Is this bean getting eagerly injected/applied to a currently created BeanPostProcessor [clientAnnotatedMethodBeanPostProcessor]? Check the corresponding BeanPostProcessor declaration and its dependencies/advisors. If this bean does not have to be post-processed, declare it with ROLE_INFRASTRUCTURE.
26-05-12.13:47:25.220 [main            ] WARN  PostProcessorRegistrationDelegate$BeanPostProcessorChecker - Bean 'spring.ai.mcp.client.annotation-scanner-org.springframework.ai.mcp.client.common.autoconfigure.annotations.McpClientAnnotationScannerProperties' of type [org.springframework.ai.mcp.client.common.autoconfigure.annotations.McpClientAnnotationScannerProperties] is not eligible for getting processed by all BeanPostProcessors (for example: not eligible for auto-proxying). Is this bean getting eagerly injected/applied to a currently created BeanPostProcessor [clientAnnotatedMethodBeanPostProcessor]? Check the corresponding BeanPostProcessor declaration and its dependencies/advisors. If this bean does not have to be post-processed, declare it with ROLE_INFRASTRUCTURE.
26-05-12.13:47:26.888 [main            ] WARN  SyncMcpSamplingProvider - No sampling methods found
26-05-12.13:47:26.891 [main            ] WARN  SyncMcpElicitationProvider - No elicitation methods found
26-05-12.13:50:58.272 [main            ] WARN  PostProcessorRegistrationDelegate$BeanPostProcessorChecker - Bean 'org.springframework.ai.mcp.client.common.autoconfigure.annotations.McpClientAnnotationScannerAutoConfiguration' of type [org.springframework.ai.mcp.client.common.autoconfigure.annotations.McpClientAnnotationScannerAutoConfiguration] is not eligible for getting processed by all BeanPostProcessors (for example: not eligible for auto-proxying). Is this bean getting eagerly injected/applied to a currently created BeanPostProcessor [clientAnnotatedMethodBeanPostProcessor]? Check the corresponding BeanPostProcessor declaration and its dependencies/advisors. If this bean does not have to be post-processed, declare it with ROLE_INFRASTRUCTURE.
26-05-12.13:50:58.275 [main            ] WARN  PostProcessorRegistrationDelegate$BeanPostProcessorChecker - Bean 'clientAnnotatedBeans' of type [org.springframework.ai.mcp.client.common.autoconfigure.annotations.McpClientAnnotationScannerAutoConfiguration$ClientMcpAnnotatedBeans] is not eligible for getting processed by all BeanPostProcessors (for example: not eligible for auto-proxying). Is this bean getting eagerly injected/applied to a currently created BeanPostProcessor [clientAnnotatedMethodBeanPostProcessor]? Check the corresponding BeanPostProcessor declaration and its dependencies/advisors. If this bean does not have to be post-processed, declare it with ROLE_INFRASTRUCTURE.
26-05-12.13:50:58.285 [main            ] WARN  PostProcessorRegistrationDelegate$BeanPostProcessorChecker - Bean 'spring.ai.mcp.client.annotation-scanner-org.springframework.ai.mcp.client.common.autoconfigure.annotations.McpClientAnnotationScannerProperties' of type [org.springframework.ai.mcp.client.common.autoconfigure.annotations.McpClientAnnotationScannerProperties] is not eligible for getting processed by all BeanPostProcessors (for example: not eligible for auto-proxying). Is this bean getting eagerly injected/applied to a currently created BeanPostProcessor [clientAnnotatedMethodBeanPostProcessor]? Check the corresponding BeanPostProcessor declaration and its dependencies/advisors. If this bean does not have to be post-processed, declare it with ROLE_INFRASTRUCTURE.
26-05-12.13:50:59.873 [main            ] WARN  SyncMcpSamplingProvider - No sampling methods found
26-05-12.13:50:59.877 [main            ] WARN  SyncMcpElicitationProvider - No elicitation methods found
26-05-12.13:51:46.682 [main            ] WARN  PostProcessorRegistrationDelegate$BeanPostProcessorChecker - Bean 'org.springframework.ai.mcp.client.common.autoconfigure.annotations.McpClientAnnotationScannerAutoConfiguration' of type [org.springframework.ai.mcp.client.common.autoconfigure.annotations.McpClientAnnotationScannerAutoConfiguration] is not eligible for getting processed by all BeanPostProcessors (for example: not eligible for auto-proxying). Is this bean getting eagerly injected/applied to a currently created BeanPostProcessor [clientAnnotatedMethodBeanPostProcessor]? Check the corresponding BeanPostProcessor declaration and its dependencies/advisors. If this bean does not have to be post-processed, declare it with ROLE_INFRASTRUCTURE.
26-05-12.13:51:46.685 [main            ] WARN  PostProcessorRegistrationDelegate$BeanPostProcessorChecker - Bean 'clientAnnotatedBeans' of type [org.springframework.ai.mcp.client.common.autoconfigure.annotations.McpClientAnnotationScannerAutoConfiguration$ClientMcpAnnotatedBeans] is not eligible for getting processed by all BeanPostProcessors (for example: not eligible for auto-proxying). Is this bean getting eagerly injected/applied to a currently created BeanPostProcessor [clientAnnotatedMethodBeanPostProcessor]? Check the corresponding BeanPostProcessor declaration and its dependencies/advisors. If this bean does not have to be post-processed, declare it with ROLE_INFRASTRUCTURE.
26-05-12.13:51:46.694 [main            ] WARN  PostProcessorRegistrationDelegate$BeanPostProcessorChecker - Bean 'spring.ai.mcp.client.annotation-scanner-org.springframework.ai.mcp.client.common.autoconfigure.annotations.McpClientAnnotationScannerProperties' of type [org.springframework.ai.mcp.client.common.autoconfigure.annotations.McpClientAnnotationScannerProperties] is not eligible for getting processed by all BeanPostProcessors (for example: not eligible for auto-proxying). Is this bean getting eagerly injected/applied to a currently created BeanPostProcessor [clientAnnotatedMethodBeanPostProcessor]? Check the corresponding BeanPostProcessor declaration and its dependencies/advisors. If this bean does not have to be post-processed, declare it with ROLE_INFRASTRUCTURE.
26-05-12.13:51:48.291 [main            ] WARN  SyncMcpSamplingProvider - No sampling methods found
26-05-12.13:51:48.294 [main            ] WARN  SyncMcpElicitationProvider - No elicitation methods found
26-05-12.13:58:56.483 [main            ] WARN  PostProcessorRegistrationDelegate$BeanPostProcessorChecker - Bean 'org.springframework.ai.mcp.client.common.autoconfigure.annotations.McpClientAnnotationScannerAutoConfiguration' of type [org.springframework.ai.mcp.client.common.autoconfigure.annotations.McpClientAnnotationScannerAutoConfiguration] is not eligible for getting processed by all BeanPostProcessors (for example: not eligible for auto-proxying). Is this bean getting eagerly injected/applied to a currently created BeanPostProcessor [clientAnnotatedMethodBeanPostProcessor]? Check the corresponding BeanPostProcessor declaration and its dependencies/advisors. If this bean does not have to be post-processed, declare it with ROLE_INFRASTRUCTURE.
26-05-12.13:58:56.487 [main            ] WARN  PostProcessorRegistrationDelegate$BeanPostProcessorChecker - Bean 'clientAnnotatedBeans' of type [org.springframework.ai.mcp.client.common.autoconfigure.annotations.McpClientAnnotationScannerAutoConfiguration$ClientMcpAnnotatedBeans] is not eligible for getting processed by all BeanPostProcessors (for example: not eligible for auto-proxying). Is this bean getting eagerly injected/applied to a currently created BeanPostProcessor [clientAnnotatedMethodBeanPostProcessor]? Check the corresponding BeanPostProcessor declaration and its dependencies/advisors. If this bean does not have to be post-processed, declare it with ROLE_INFRASTRUCTURE.
26-05-12.13:58:56.497 [main            ] WARN  PostProcessorRegistrationDelegate$BeanPostProcessorChecker - Bean 'spring.ai.mcp.client.annotation-scanner-org.springframework.ai.mcp.client.common.autoconfigure.annotations.McpClientAnnotationScannerProperties' of type [org.springframework.ai.mcp.client.common.autoconfigure.annotations.McpClientAnnotationScannerProperties] is not eligible for getting processed by all BeanPostProcessors (for example: not eligible for auto-proxying). Is this bean getting eagerly injected/applied to a currently created BeanPostProcessor [clientAnnotatedMethodBeanPostProcessor]? Check the corresponding BeanPostProcessor declaration and its dependencies/advisors. If this bean does not have to be post-processed, declare it with ROLE_INFRASTRUCTURE.
26-05-12.13:58:58.106 [main            ] WARN  SyncMcpSamplingProvider - No sampling methods found
26-05-12.13:58:58.110 [main            ] WARN  SyncMcpElicitationProvider - No elicitation methods found
26-05-12.14:03:07.994 [main            ] WARN  PostProcessorRegistrationDelegate$BeanPostProcessorChecker - Bean 'org.springframework.ai.mcp.client.common.autoconfigure.annotations.McpClientAnnotationScannerAutoConfiguration' of type [org.springframework.ai.mcp.client.common.autoconfigure.annotations.McpClientAnnotationScannerAutoConfiguration] is not eligible for getting processed by all BeanPostProcessors (for example: not eligible for auto-proxying). Is this bean getting eagerly injected/applied to a currently created BeanPostProcessor [clientAnnotatedMethodBeanPostProcessor]? Check the corresponding BeanPostProcessor declaration and its dependencies/advisors. If this bean does not have to be post-processed, declare it with ROLE_INFRASTRUCTURE.
26-05-12.14:03:07.997 [main            ] WARN  PostProcessorRegistrationDelegate$BeanPostProcessorChecker - Bean 'clientAnnotatedBeans' of type [org.springframework.ai.mcp.client.common.autoconfigure.annotations.McpClientAnnotationScannerAutoConfiguration$ClientMcpAnnotatedBeans] is not eligible for getting processed by all BeanPostProcessors (for example: not eligible for auto-proxying). Is this bean getting eagerly injected/applied to a currently created BeanPostProcessor [clientAnnotatedMethodBeanPostProcessor]? Check the corresponding BeanPostProcessor declaration and its dependencies/advisors. If this bean does not have to be post-processed, declare it with ROLE_INFRASTRUCTURE.
26-05-12.14:03:08.004 [main            ] WARN  PostProcessorRegistrationDelegate$BeanPostProcessorChecker - Bean 'spring.ai.mcp.client.annotation-scanner-org.springframework.ai.mcp.client.common.autoconfigure.annotations.McpClientAnnotationScannerProperties' of type [org.springframework.ai.mcp.client.common.autoconfigure.annotations.McpClientAnnotationScannerProperties] is not eligible for getting processed by all BeanPostProcessors (for example: not eligible for auto-proxying). Is this bean getting eagerly injected/applied to a currently created BeanPostProcessor [clientAnnotatedMethodBeanPostProcessor]? Check the corresponding BeanPostProcessor declaration and its dependencies/advisors. If this bean does not have to be post-processed, declare it with ROLE_INFRASTRUCTURE.
26-05-12.14:03:09.648 [main            ] WARN  SyncMcpSamplingProvider - No sampling methods found
26-05-12.14:03:09.650 [main            ] WARN  SyncMcpElicitationProvider - No elicitation methods found
26-05-12.14:24:45.856 [main            ] WARN  PostProcessorRegistrationDelegate$BeanPostProcessorChecker - Bean 'org.springframework.ai.mcp.client.common.autoconfigure.annotations.McpClientAnnotationScannerAutoConfiguration' of type [org.springframework.ai.mcp.client.common.autoconfigure.annotations.McpClientAnnotationScannerAutoConfiguration] is not eligible for getting processed by all BeanPostProcessors (for example: not eligible for auto-proxying). Is this bean getting eagerly injected/applied to a currently created BeanPostProcessor [clientAnnotatedMethodBeanPostProcessor]? Check the corresponding BeanPostProcessor declaration and its dependencies/advisors. If this bean does not have to be post-processed, declare it with ROLE_INFRASTRUCTURE.
26-05-12.14:24:45.865 [main            ] WARN  PostProcessorRegistrationDelegate$BeanPostProcessorChecker - Bean 'clientAnnotatedBeans' of type [org.springframework.ai.mcp.client.common.autoconfigure.annotations.McpClientAnnotationScannerAutoConfiguration$ClientMcpAnnotatedBeans] is not eligible for getting processed by all BeanPostProcessors (for example: not eligible for auto-proxying). Is this bean getting eagerly injected/applied to a currently created BeanPostProcessor [clientAnnotatedMethodBeanPostProcessor]? Check the corresponding BeanPostProcessor declaration and its dependencies/advisors. If this bean does not have to be post-processed, declare it with ROLE_INFRASTRUCTURE.
26-05-12.14:24:45.873 [main            ] WARN  PostProcessorRegistrationDelegate$BeanPostProcessorChecker - Bean 'spring.ai.mcp.client.annotation-scanner-org.springframework.ai.mcp.client.common.autoconfigure.annotations.McpClientAnnotationScannerProperties' of type [org.springframework.ai.mcp.client.common.autoconfigure.annotations.McpClientAnnotationScannerProperties] is not eligible for getting processed by all BeanPostProcessors (for example: not eligible for auto-proxying). Is this bean getting eagerly injected/applied to a currently created BeanPostProcessor [clientAnnotatedMethodBeanPostProcessor]? Check the corresponding BeanPostProcessor declaration and its dependencies/advisors. If this bean does not have to be post-processed, declare it with ROLE_INFRASTRUCTURE.
26-05-12.14:24:47.534 [main            ] WARN  SyncMcpSamplingProvider - No sampling methods found
26-05-12.14:24:47.538 [main            ] WARN  SyncMcpElicitationProvider - No elicitation methods found
26-05-12.15:10:21.576 [main            ] WARN  PostProcessorRegistrationDelegate$BeanPostProcessorChecker - Bean 'org.springframework.ai.mcp.client.common.autoconfigure.annotations.McpClientAnnotationScannerAutoConfiguration' of type [org.springframework.ai.mcp.client.common.autoconfigure.annotations.McpClientAnnotationScannerAutoConfiguration] is not eligible for getting processed by all BeanPostProcessors (for example: not eligible for auto-proxying). Is this bean getting eagerly injected/applied to a currently created BeanPostProcessor [clientAnnotatedMethodBeanPostProcessor]? Check the corresponding BeanPostProcessor declaration and its dependencies/advisors. If this bean does not have to be post-processed, declare it with ROLE_INFRASTRUCTURE.
26-05-12.15:10:21.579 [main            ] WARN  PostProcessorRegistrationDelegate$BeanPostProcessorChecker - Bean 'clientAnnotatedBeans' of type [org.springframework.ai.mcp.client.common.autoconfigure.annotations.McpClientAnnotationScannerAutoConfiguration$ClientMcpAnnotatedBeans] is not eligible for getting processed by all BeanPostProcessors (for example: not eligible for auto-proxying). Is this bean getting eagerly injected/applied to a currently created BeanPostProcessor [clientAnnotatedMethodBeanPostProcessor]? Check the corresponding BeanPostProcessor declaration and its dependencies/advisors. If this bean does not have to be post-processed, declare it with ROLE_INFRASTRUCTURE.
26-05-12.15:10:21.589 [main            ] WARN  PostProcessorRegistrationDelegate$BeanPostProcessorChecker - Bean 'spring.ai.mcp.client.annotation-scanner-org.springframework.ai.mcp.client.common.autoconfigure.annotations.McpClientAnnotationScannerProperties' of type [org.springframework.ai.mcp.client.common.autoconfigure.annotations.McpClientAnnotationScannerProperties] is not eligible for getting processed by all BeanPostProcessors (for example: not eligible for auto-proxying). Is this bean getting eagerly injected/applied to a currently created BeanPostProcessor [clientAnnotatedMethodBeanPostProcessor]? Check the corresponding BeanPostProcessor declaration and its dependencies/advisors. If this bean does not have to be post-processed, declare it with ROLE_INFRASTRUCTURE.
26-05-12.15:10:22.885 [main            ] WARN  SyncMcpSamplingProvider - No sampling methods found
26-05-12.15:10:22.888 [main            ] WARN  SyncMcpElicitationProvider - No elicitation methods found
26-05-12.20:10:30.067 [main            ] WARN  PostProcessorRegistrationDelegate$BeanPostProcessorChecker - Bean 'org.springframework.ai.mcp.client.common.autoconfigure.annotations.McpClientAnnotationScannerAutoConfiguration' of type [org.springframework.ai.mcp.client.common.autoconfigure.annotations.McpClientAnnotationScannerAutoConfiguration] is not eligible for getting processed by all BeanPostProcessors (for example: not eligible for auto-proxying). Is this bean getting eagerly injected/applied to a currently created BeanPostProcessor [clientAnnotatedMethodBeanPostProcessor]? Check the corresponding BeanPostProcessor declaration and its dependencies/advisors. If this bean does not have to be post-processed, declare it with ROLE_INFRASTRUCTURE.
26-05-12.20:10:30.072 [main            ] WARN  PostProcessorRegistrationDelegate$BeanPostProcessorChecker - Bean 'clientAnnotatedBeans' of type [org.springframework.ai.mcp.client.common.autoconfigure.annotations.McpClientAnnotationScannerAutoConfiguration$ClientMcpAnnotatedBeans] is not eligible for getting processed by all BeanPostProcessors (for example: not eligible for auto-proxying). Is this bean getting eagerly injected/applied to a currently created BeanPostProcessor [clientAnnotatedMethodBeanPostProcessor]? Check the corresponding BeanPostProcessor declaration and its dependencies/advisors. If this bean does not have to be post-processed, declare it with ROLE_INFRASTRUCTURE.
26-05-12.20:10:30.082 [main            ] WARN  PostProcessorRegistrationDelegate$BeanPostProcessorChecker - Bean 'spring.ai.mcp.client.annotation-scanner-org.springframework.ai.mcp.client.common.autoconfigure.annotations.McpClientAnnotationScannerProperties' of type [org.springframework.ai.mcp.client.common.autoconfigure.annotations.McpClientAnnotationScannerProperties] is not eligible for getting processed by all BeanPostProcessors (for example: not eligible for auto-proxying). Is this bean getting eagerly injected/applied to a currently created BeanPostProcessor [clientAnnotatedMethodBeanPostProcessor]? Check the corresponding BeanPostProcessor declaration and its dependencies/advisors. If this bean does not have to be post-processed, declare it with ROLE_INFRASTRUCTURE.
26-05-12.20:10:31.650 [main            ] WARN  SyncMcpSamplingProvider - No sampling methods found
26-05-12.20:10:31.652 [main            ] WARN  SyncMcpElicitationProvider - No elicitation methods found
26-05-12.20:11:58.208 [HttpClient-3-Worker-2] WARN  HttpClientSseClientTransport - SSE stream observed an error
io.modelcontextprotocol.spec.McpTransportException: Invalid SSE response. Status code: 401 Line: {"code":216003,"requestId":"c6c50113-6644-4782-8b7d-7941e39cce2f","message":"[Code: NotFound; Message: Fail to authn apikey: NOT FOUND; RequestId: ef57c805-51fe-4ce5-add9-d94f014baa77]"}
	at io.modelcontextprotocol.client.transport.ResponseSubscribers$SseLineSubscriber.hookOnNext(ResponseSubscribers.java:185)
	at io.modelcontextprotocol.client.transport.ResponseSubscribers$SseLineSubscriber.hookOnNext(ResponseSubscribers.java:72)
	at reactor.core.publisher.BaseSubscriber.onNext(BaseSubscriber.java:160)
	at org.reactivestreams.FlowAdapters$FlowToReactiveSubscriber.onNext(FlowAdapters.java:211)
	at java.net.http/jdk.internal.net.http.LineSubscriberAdapter$LineSubscription.loop(LineSubscriberAdapter.java:447)
	at java.net.http/jdk.internal.net.http.common.SequentialScheduler$LockingRestartableTask.run(SequentialScheduler.java:205)
	at java.net.http/jdk.internal.net.http.common.SequentialScheduler$CompleteRestartableTask.run(SequentialScheduler.java:149)
	at java.net.http/jdk.internal.net.http.common.SequentialScheduler$SchedulableTask.run(SequentialScheduler.java:230)
	at java.net.http/jdk.internal.net.http.common.SequentialScheduler.runOrSchedule(SequentialScheduler.java:303)
	at java.net.http/jdk.internal.net.http.common.SequentialScheduler.runOrSchedule(SequentialScheduler.java:256)
	at java.net.http/jdk.internal.net.http.LineSubscriberAdapter$LineSubscription.signalComplete(LineSubscriberAdapter.java:193)
	at java.net.http/jdk.internal.net.http.LineSubscriberAdapter.onComplete(LineSubscriberAdapter.java:114)
	at java.net.http/jdk.internal.net.http.Http1Response$Http1BodySubscriber.complete(Http1Response.java:339)
	at java.net.http/jdk.internal.net.http.Http1Response$Http1BodySubscriber.onComplete(Http1Response.java:390)
	at java.net.http/jdk.internal.net.http.ResponseContent$FixedLengthBodyParser.accept(ResponseContent.java:608)
	at java.net.http/jdk.internal.net.http.ResponseContent$FixedLengthBodyParser.accept(ResponseContent.java:529)
	at java.net.http/jdk.internal.net.http.Http1Response$BodyReader.handle(Http1Response.java:790)
	at java.net.http/jdk.internal.net.http.Http1Response$BodyReader.handle(Http1Response.java:720)
	at java.net.http/jdk.internal.net.http.Http1Response$Receiver.accept(Http1Response.java:612)
	at java.net.http/jdk.internal.net.http.Http1Response$BodyReader.tryAsyncReceive(Http1Response.java:750)
	at java.net.http/jdk.internal.net.http.Http1AsyncReceiver.flush(Http1AsyncReceiver.java:233)
	at java.net.http/jdk.internal.net.http.common.SequentialScheduler$LockingRestartableTask.run(SequentialScheduler.java:205)
	at java.net.http/jdk.internal.net.http.common.SequentialScheduler$CompleteRestartableTask.run(SequentialScheduler.java:149)
	at java.net.http/jdk.internal.net.http.common.SequentialScheduler$TryEndDeferredCompleter.complete(SequentialScheduler.java:347)
	at java.net.http/jdk.internal.net.http.common.SequentialScheduler$CompleteRestartableTask.run(SequentialScheduler.java:151)
	at java.net.http/jdk.internal.net.http.common.SequentialScheduler$SchedulableTask.run(SequentialScheduler.java:230)
	at java.base/java.util.concurrent.ThreadPoolExecutor.runWorker(ThreadPoolExecutor.java:1136)
	at java.base/java.util.concurrent.ThreadPoolExecutor$Worker.run(ThreadPoolExecutor.java:635)
	at java.base/java.lang.Thread.run(Thread.java:840)
26-05-12.20:11:58.210 [HttpClient-3-Worker-2] ERROR Operators              - Operator called default onErrorDropped
reactor.core.Exceptions$ErrorCallbackNotImplemented: io.modelcontextprotocol.spec.McpTransportException: Invalid SSE response. Status code: 401 Line: {"code":216003,"requestId":"c6c50113-6644-4782-8b7d-7941e39cce2f","message":"[Code: NotFound; Message: Fail to authn apikey: NOT FOUND; RequestId: ef57c805-51fe-4ce5-add9-d94f014baa77]"}
Caused by: io.modelcontextprotocol.spec.McpTransportException: Invalid SSE response. Status code: 401 Line: {"code":216003,"requestId":"c6c50113-6644-4782-8b7d-7941e39cce2f","message":"[Code: NotFound; Message: Fail to authn apikey: NOT FOUND; RequestId: ef57c805-51fe-4ce5-add9-d94f014baa77]"}
	at io.modelcontextprotocol.client.transport.ResponseSubscribers$SseLineSubscriber.hookOnNext(ResponseSubscribers.java:185)
	at io.modelcontextprotocol.client.transport.ResponseSubscribers$SseLineSubscriber.hookOnNext(ResponseSubscribers.java:72)
	at reactor.core.publisher.BaseSubscriber.onNext(BaseSubscriber.java:160)
	at org.reactivestreams.FlowAdapters$FlowToReactiveSubscriber.onNext(FlowAdapters.java:211)
	at java.net.http/jdk.internal.net.http.LineSubscriberAdapter$LineSubscription.loop(LineSubscriberAdapter.java:447)
	at java.net.http/jdk.internal.net.http.common.SequentialScheduler$LockingRestartableTask.run(SequentialScheduler.java:205)
	at java.net.http/jdk.internal.net.http.common.SequentialScheduler$CompleteRestartableTask.run(SequentialScheduler.java:149)
	at java.net.http/jdk.internal.net.http.common.SequentialScheduler$SchedulableTask.run(SequentialScheduler.java:230)
	at java.net.http/jdk.internal.net.http.common.SequentialScheduler.runOrSchedule(SequentialScheduler.java:303)
	at java.net.http/jdk.internal.net.http.common.SequentialScheduler.runOrSchedule(SequentialScheduler.java:256)
	at java.net.http/jdk.internal.net.http.LineSubscriberAdapter$LineSubscription.signalComplete(LineSubscriberAdapter.java:193)
	at java.net.http/jdk.internal.net.http.LineSubscriberAdapter.onComplete(LineSubscriberAdapter.java:114)
	at java.net.http/jdk.internal.net.http.Http1Response$Http1BodySubscriber.complete(Http1Response.java:339)
	at java.net.http/jdk.internal.net.http.Http1Response$Http1BodySubscriber.onComplete(Http1Response.java:390)
	at java.net.http/jdk.internal.net.http.ResponseContent$FixedLengthBodyParser.accept(ResponseContent.java:608)
	at java.net.http/jdk.internal.net.http.ResponseContent$FixedLengthBodyParser.accept(ResponseContent.java:529)
	at java.net.http/jdk.internal.net.http.Http1Response$BodyReader.handle(Http1Response.java:790)
	at java.net.http/jdk.internal.net.http.Http1Response$BodyReader.handle(Http1Response.java:720)
	at java.net.http/jdk.internal.net.http.Http1Response$Receiver.accept(Http1Response.java:612)
	at java.net.http/jdk.internal.net.http.Http1Response$BodyReader.tryAsyncReceive(Http1Response.java:750)
	at java.net.http/jdk.internal.net.http.Http1AsyncReceiver.flush(Http1AsyncReceiver.java:233)
	at java.net.http/jdk.internal.net.http.common.SequentialScheduler$LockingRestartableTask.run(SequentialScheduler.java:205)
	at java.net.http/jdk.internal.net.http.common.SequentialScheduler$CompleteRestartableTask.run(SequentialScheduler.java:149)
	at java.net.http/jdk.internal.net.http.common.SequentialScheduler$TryEndDeferredCompleter.complete(SequentialScheduler.java:347)
	at java.net.http/jdk.internal.net.http.common.SequentialScheduler$CompleteRestartableTask.run(SequentialScheduler.java:151)
	at java.net.http/jdk.internal.net.http.common.SequentialScheduler$SchedulableTask.run(SequentialScheduler.java:230)
	at java.base/java.util.concurrent.ThreadPoolExecutor.runWorker(ThreadPoolExecutor.java:1136)
	at java.base/java.util.concurrent.ThreadPoolExecutor$Worker.run(ThreadPoolExecutor.java:635)
	at java.base/java.lang.Thread.run(Thread.java:840)
26-05-12.20:12:17.640 [main            ] ERROR SpringApplication      - Application run failed
java.lang.RuntimeException: java.lang.RuntimeException: Client failed to initialize by explicit API call
	at com.vizhi.config.AiAgentAutoConfig.onApplicationEvent(AiAgentAutoConfig.java:37)
	at com.vizhi.config.AiAgentAutoConfig.onApplicationEvent(AiAgentAutoConfig.java:18)
	at com.vizhi.config.AiAgentAutoConfig$$SpringCGLIB$$0.onApplicationEvent(<generated>)
	at org.springframework.context.event.SimpleApplicationEventMulticaster.doInvokeListener(SimpleApplicationEventMulticaster.java:185)
	at org.springframework.context.event.SimpleApplicationEventMulticaster.invokeListener(SimpleApplicationEventMulticaster.java:178)
	at org.springframework.context.event.SimpleApplicationEventMulticaster.multicastEvent(SimpleApplicationEventMulticaster.java:156)
	at org.springframework.context.support.AbstractApplicationContext.publishEvent(AbstractApplicationContext.java:454)
	at org.springframework.context.support.AbstractApplicationContext.publishEvent(AbstractApplicationContext.java:387)
	at org.springframework.boot.context.event.EventPublishingRunListener.ready(EventPublishingRunListener.java:109)
	at org.springframework.boot.SpringApplicationRunListeners.lambda$ready$6(SpringApplicationRunListeners.java:80)
	at java.base/java.lang.Iterable.forEach(Iterable.java:75)
	at org.springframework.boot.SpringApplicationRunListeners.doWithListeners(SpringApplicationRunListeners.java:118)
	at org.springframework.boot.SpringApplicationRunListeners.doWithListeners(SpringApplicationRunListeners.java:112)
	at org.springframework.boot.SpringApplicationRunListeners.ready(SpringApplicationRunListeners.java:80)
	at org.springframework.boot.SpringApplication.run(SpringApplication.java:332)
	at org.springframework.boot.test.context.SpringBootContextLoader.lambda$loadContext$3(SpringBootContextLoader.java:137)
	at org.springframework.util.function.ThrowingSupplier.get(ThrowingSupplier.java:58)
	at org.springframework.util.function.ThrowingSupplier.get(ThrowingSupplier.java:46)
	at org.springframework.boot.SpringApplication.withHook(SpringApplication.java:1461)
	at org.springframework.boot.test.context.SpringBootContextLoader$ContextLoaderHook.run(SpringBootContextLoader.java:553)
	at org.springframework.boot.test.context.SpringBootContextLoader.loadContext(SpringBootContextLoader.java:137)
	at org.springframework.boot.test.context.SpringBootContextLoader.loadContext(SpringBootContextLoader.java:108)
	at org.springframework.test.context.cache.DefaultCacheAwareContextLoaderDelegate.loadContextInternal(DefaultCacheAwareContextLoaderDelegate.java:225)
	at org.springframework.test.context.cache.DefaultCacheAwareContextLoaderDelegate.loadContext(DefaultCacheAwareContextLoaderDelegate.java:152)
	at org.springframework.test.context.support.DefaultTestContext.getApplicationContext(DefaultTestContext.java:130)
	at org.springframework.test.context.web.ServletTestExecutionListener.setUpRequestContextIfNecessary(ServletTestExecutionListener.java:200)
	at org.springframework.test.context.web.ServletTestExecutionListener.prepareTestInstance(ServletTestExecutionListener.java:139)
	at org.springframework.test.context.TestContextManager.prepareTestInstance(TestContextManager.java:260)
	at org.springframework.test.context.junit4.SpringJUnit4ClassRunner.createTest(SpringJUnit4ClassRunner.java:228)
	at org.springframework.test.context.junit4.SpringJUnit4ClassRunner$1.runReflectiveCall(SpringJUnit4ClassRunner.java:289)
	at org.junit.internal.runners.model.ReflectiveCallable.run(ReflectiveCallable.java:12)
	at org.springframework.test.context.junit4.SpringJUnit4ClassRunner.methodBlock(SpringJUnit4ClassRunner.java:291)
	at org.springframework.test.context.junit4.SpringJUnit4ClassRunner.runChild(SpringJUnit4ClassRunner.java:247)
	at org.springframework.test.context.junit4.SpringJUnit4ClassRunner.runChild(SpringJUnit4ClassRunner.java:97)
	at org.junit.runners.ParentRunner$4.run(ParentRunner.java:331)
	at org.junit.runners.ParentRunner$1.schedule(ParentRunner.java:79)
	at org.junit.runners.ParentRunner.runChildren(ParentRunner.java:329)
	at org.junit.runners.ParentRunner.access$100(ParentRunner.java:66)
	at org.junit.runners.ParentRunner$2.evaluate(ParentRunner.java:293)
	at org.springframework.test.context.junit4.statements.RunBeforeTestClassCallbacks.evaluate(RunBeforeTestClassCallbacks.java:61)
	at org.springframework.test.context.junit4.statements.RunAfterTestClassCallbacks.evaluate(RunAfterTestClassCallbacks.java:70)
	at org.junit.runners.ParentRunner$3.evaluate(ParentRunner.java:306)
	at org.junit.runners.ParentRunner.run(ParentRunner.java:413)
	at org.springframework.test.context.junit4.SpringJUnit4ClassRunner.run(SpringJUnit4ClassRunner.java:191)
	at org.junit.runner.JUnitCore.run(JUnitCore.java:137)
	at com.intellij.junit4.JUnit4IdeaTestRunner.startRunnerWithArgs(JUnit4IdeaTestRunner.java:69)
	at com.intellij.rt.junit.IdeaTestRunner$Repeater$1.execute(IdeaTestRunner.java:38)
	at com.intellij.rt.execution.junit.TestsRepeater.repeat(TestsRepeater.java:11)
	at com.intellij.rt.junit.IdeaTestRunner$Repeater.startRunnerWithArgs(IdeaTestRunner.java:35)
	at com.intellij.rt.junit.JUnitStarter.prepareStreamsAndStart(JUnitStarter.java:231)
	at com.intellij.rt.junit.JUnitStarter.main(JUnitStarter.java:55)
Caused by: java.lang.RuntimeException: Client failed to initialize by explicit API call
	at io.modelcontextprotocol.client.LifecycleInitializer.lambda$withInitialization$2(LifecycleInitializer.java:288)
	at reactor.core.publisher.FluxOnErrorResume$ResumeSubscriber.onError(FluxOnErrorResume.java:94)
	at reactor.core.publisher.SerializedSubscriber.onError(SerializedSubscriber.java:124)
	at reactor.core.publisher.FluxTimeout$TimeoutMainSubscriber.handleTimeout(FluxTimeout.java:296)
	at reactor.core.publisher.FluxTimeout$TimeoutMainSubscriber.doTimeout(FluxTimeout.java:281)
	at reactor.core.publisher.FluxTimeout$TimeoutTimeoutSubscriber.onNext(FluxTimeout.java:420)
	at reactor.core.publisher.FluxOnErrorReturn$ReturnSubscriber.onNext(FluxOnErrorReturn.java:162)
	at reactor.core.publisher.MonoDelay$MonoDelayRunnable.propagateDelay(MonoDelay.java:270)
	at reactor.core.publisher.MonoDelay$MonoDelayRunnable.run(MonoDelay.java:285)
	at reactor.core.scheduler.SchedulerTask.call(SchedulerTask.java:68)
	at reactor.core.scheduler.SchedulerTask.call(SchedulerTask.java:28)
	at java.base/java.util.concurrent.FutureTask.run$$$capture(FutureTask.java:264)
	at java.base/java.util.concurrent.FutureTask.run(FutureTask.java)
	at java.base/java.util.concurrent.ScheduledThreadPoolExecutor$ScheduledFutureTask.run(ScheduledThreadPoolExecutor.java:304)
	at java.base/java.util.concurrent.ThreadPoolExecutor.runWorker(ThreadPoolExecutor.java:1136)
	at java.base/java.util.concurrent.ThreadPoolExecutor$Worker.run(ThreadPoolExecutor.java:635)
	at java.base/java.lang.Thread.run(Thread.java:840)
	Suppressed: java.lang.Exception: #block terminated with an error
		at reactor.core.publisher.BlockingSingleSubscriber.blockingGet(BlockingSingleSubscriber.java:104)
		at reactor.core.publisher.Mono.block(Mono.java:1779)
		at io.modelcontextprotocol.client.McpSyncClient.initialize(McpSyncClient.java:189)
		at com.vizhi.domain.agent.service.armory.node.ChatModelNode.createMcpSyncClient(ChatModelNode.java:121)
		at com.vizhi.domain.agent.service.armory.node.ChatModelNode.doApply(ChatModelNode.java:57)
		at com.vizhi.domain.agent.service.armory.node.ChatModelNode.doApply(ChatModelNode.java:38)
		at cn.bugstack.wrench.design.framework.tree.AbstractMultiThreadStrategyRouter.apply(AbstractMultiThreadStrategyRouter.java:31)
		at cn.bugstack.wrench.design.framework.tree.AbstractMultiThreadStrategyRouter.router(AbstractMultiThreadStrategyRouter.java:22)
		at com.vizhi.domain.agent.service.armory.node.AiApiNode.doApply(AiApiNode.java:47)
		at com.vizhi.domain.agent.service.armory.node.AiApiNode.doApply(AiApiNode.java:22)
		at cn.bugstack.wrench.design.framework.tree.AbstractMultiThreadStrategyRouter.apply(AbstractMultiThreadStrategyRouter.java:31)
		at cn.bugstack.wrench.design.framework.tree.AbstractMultiThreadStrategyRouter.router(AbstractMultiThreadStrategyRouter.java:22)
		at com.vizhi.domain.agent.service.armory.node.RootNode.doApply(RootNode.java:30)
		at com.vizhi.domain.agent.service.armory.node.RootNode.doApply(RootNode.java:18)
		at cn.bugstack.wrench.design.framework.tree.AbstractMultiThreadStrategyRouter.apply(AbstractMultiThreadStrategyRouter.java:31)
		at com.vizhi.domain.agent.service.armory.ArmoryService.acceptArmoryAgents(ArmoryService.java:30)
		at com.vizhi.config.AiAgentAutoConfig.onApplicationEvent(AiAgentAutoConfig.java:34)
		at com.vizhi.config.AiAgentAutoConfig.onApplicationEvent(AiAgentAutoConfig.java:18)
		at com.vizhi.config.AiAgentAutoConfig$$SpringCGLIB$$0.onApplicationEvent(<generated>)
		at org.springframework.context.event.SimpleApplicationEventMulticaster.doInvokeListener(SimpleApplicationEventMulticaster.java:185)
		at org.springframework.context.event.SimpleApplicationEventMulticaster.invokeListener(SimpleApplicationEventMulticaster.java:178)
		at org.springframework.context.event.SimpleApplicationEventMulticaster.multicastEvent(SimpleApplicationEventMulticaster.java:156)
		at org.springframework.context.support.AbstractApplicationContext.publishEvent(AbstractApplicationContext.java:454)
		at org.springframework.context.support.AbstractApplicationContext.publishEvent(AbstractApplicationContext.java:387)
		at org.springframework.boot.context.event.EventPublishingRunListener.ready(EventPublishingRunListener.java:109)
		at org.springframework.boot.SpringApplicationRunListeners.lambda$ready$6(SpringApplicationRunListeners.java:80)
		at java.base/java.lang.Iterable.forEach(Iterable.java:75)
		at org.springframework.boot.SpringApplicationRunListeners.doWithListeners(SpringApplicationRunListeners.java:118)
		at org.springframework.boot.SpringApplicationRunListeners.doWithListeners(SpringApplicationRunListeners.java:112)
		at org.springframework.boot.SpringApplicationRunListeners.ready(SpringApplicationRunListeners.java:80)
		at org.springframework.boot.SpringApplication.run(SpringApplication.java:332)
		at org.springframework.boot.test.context.SpringBootContextLoader.lambda$loadContext$3(SpringBootContextLoader.java:137)
		at org.springframework.util.function.ThrowingSupplier.get(ThrowingSupplier.java:58)
		at org.springframework.util.function.ThrowingSupplier.get(ThrowingSupplier.java:46)
		at org.springframework.boot.SpringApplication.withHook(SpringApplication.java:1461)
		at org.springframework.boot.test.context.SpringBootContextLoader$ContextLoaderHook.run(SpringBootContextLoader.java:553)
		at org.springframework.boot.test.context.SpringBootContextLoader.loadContext(SpringBootContextLoader.java:137)
		at org.springframework.boot.test.context.SpringBootContextLoader.loadContext(SpringBootContextLoader.java:108)
		at org.springframework.test.context.cache.DefaultCacheAwareContextLoaderDelegate.loadContextInternal(DefaultCacheAwareContextLoaderDelegate.java:225)
		at org.springframework.test.context.cache.DefaultCacheAwareContextLoaderDelegate.loadContext(DefaultCacheAwareContextLoaderDelegate.java:152)
		at org.springframework.test.context.support.DefaultTestContext.getApplicationContext(DefaultTestContext.java:130)
		at org.springframework.test.context.web.ServletTestExecutionListener.setUpRequestContextIfNecessary(ServletTestExecutionListener.java:200)
		at org.springframework.test.context.web.ServletTestExecutionListener.prepareTestInstance(ServletTestExecutionListener.java:139)
		at org.springframework.test.context.TestContextManager.prepareTestInstance(TestContextManager.java:260)
		at org.springframework.test.context.junit4.SpringJUnit4ClassRunner.createTest(SpringJUnit4ClassRunner.java:228)
		at org.springframework.test.context.junit4.SpringJUnit4ClassRunner$1.runReflectiveCall(SpringJUnit4ClassRunner.java:289)
		at org.junit.internal.runners.model.ReflectiveCallable.run(ReflectiveCallable.java:12)
		at org.springframework.test.context.junit4.SpringJUnit4ClassRunner.methodBlock(SpringJUnit4ClassRunner.java:291)
		at org.springframework.test.context.junit4.SpringJUnit4ClassRunner.runChild(SpringJUnit4ClassRunner.java:247)
		at org.springframework.test.context.junit4.SpringJUnit4ClassRunner.runChild(SpringJUnit4ClassRunner.java:97)
		at org.junit.runners.ParentRunner$4.run(ParentRunner.java:331)
		at org.junit.runners.ParentRunner$1.schedule(ParentRunner.java:79)
		at org.junit.runners.ParentRunner.runChildren(ParentRunner.java:329)
		at org.junit.runners.ParentRunner.access$100(ParentRunner.java:66)
		at org.junit.runners.ParentRunner$2.evaluate(ParentRunner.java:293)
		at org.springframework.test.context.junit4.statements.RunBeforeTestClassCallbacks.evaluate(RunBeforeTestClassCallbacks.java:61)
		at org.springframework.test.context.junit4.statements.RunAfterTestClassCallbacks.evaluate(RunAfterTestClassCallbacks.java:70)
		at org.junit.runners.ParentRunner$3.evaluate(ParentRunner.java:306)
		at org.junit.runners.ParentRunner.run(ParentRunner.java:413)
		at org.springframework.test.context.junit4.SpringJUnit4ClassRunner.run(SpringJUnit4ClassRunner.java:191)
		at org.junit.runner.JUnitCore.run(JUnitCore.java:137)
		at com.intellij.junit4.JUnit4IdeaTestRunner.startRunnerWithArgs(JUnit4IdeaTestRunner.java:69)
		at com.intellij.rt.junit.IdeaTestRunner$Repeater$1.execute(IdeaTestRunner.java:38)
		at com.intellij.rt.execution.junit.TestsRepeater.repeat(TestsRepeater.java:11)
		at com.intellij.rt.junit.IdeaTestRunner$Repeater.startRunnerWithArgs(IdeaTestRunner.java:35)
		at com.intellij.rt.junit.JUnitStarter.prepareStreamsAndStart(JUnitStarter.java:231)
		at com.intellij.rt.junit.JUnitStarter.main(JUnitStarter.java:55)
Caused by: java.util.concurrent.TimeoutException: Did not observe any item or terminal signal within 20000ms in 'map' (and no fallback has been configured)
	... 14 common frames omitted
26-05-12.20:12:17.649 [main            ] WARN  TestContextManager     - Caught exception while allowing TestExecutionListener [org.springframework.test.context.web.ServletTestExecutionListener] to prepare test instance [com.vizhi.test.app.AiAgentAutoConfigTest@204c5ddf]
java.lang.IllegalStateException: Failed to load ApplicationContext for [WebMergedContextConfiguration@231d3ce testClass = com.vizhi.test.app.AiAgentAutoConfigTest, locations = [], classes = [com.vizhi.Application], contextInitializerClasses = [], activeProfiles = [], propertySourceDescriptors = [], propertySourceProperties = ["org.springframework.boot.test.context.SpringBootTestContextBootstrapper=true"], contextCustomizers = [org.springframework.boot.test.context.filter.ExcludeFilterContextCustomizer@1b2abca6, org.springframework.boot.test.json.DuplicateJsonObjectContextCustomizerFactory$DuplicateJsonObjectContextCustomizer@342c38f8, org.springframework.boot.test.mock.mockito.MockitoContextCustomizer@0, org.springframework.boot.test.web.client.TestRestTemplateContextCustomizer@957e06, org.springframework.boot.test.web.reactive.server.WebTestClientContextCustomizer@36916eb0, org.springframework.boot.test.web.reactor.netty.DisableReactorResourceFactoryGlobalResourcesContextCustomizerFactory$DisableReactorResourceFactoryGlobalResourcesContextCustomizerCustomizer@54a7079e, org.springframework.boot.test.autoconfigure.OnFailureConditionReportContextCustomizerFactory$OnFailureConditionReportContextCustomizer@4b8ee4de, org.springframework.boot.test.autoconfigure.actuate.observability.ObservabilityContextCustomizerFactory$DisableObservabilityContextCustomizer@1f, org.springframework.boot.test.autoconfigure.properties.PropertyMappingContextCustomizer@0, org.springframework.boot.test.autoconfigure.web.servlet.WebDriverContextCustomizer@6fdbe764, org.springframework.test.context.support.DynamicPropertiesContextCustomizer@0, org.springframework.boot.test.context.SpringBootTestAnnotation@ed8c5e3], resourceBasePath = "src/main/webapp", contextLoader = org.springframework.boot.test.context.SpringBootContextLoader, parent = null]
	at org.springframework.test.context.cache.DefaultCacheAwareContextLoaderDelegate.loadContext(DefaultCacheAwareContextLoaderDelegate.java:180)
	at org.springframework.test.context.support.DefaultTestContext.getApplicationContext(DefaultTestContext.java:130)
	at org.springframework.test.context.web.ServletTestExecutionListener.setUpRequestContextIfNecessary(ServletTestExecutionListener.java:200)
	at org.springframework.test.context.web.ServletTestExecutionListener.prepareTestInstance(ServletTestExecutionListener.java:139)
	at org.springframework.test.context.TestContextManager.prepareTestInstance(TestContextManager.java:260)
	at org.springframework.test.context.junit4.SpringJUnit4ClassRunner.createTest(SpringJUnit4ClassRunner.java:228)
	at org.springframework.test.context.junit4.SpringJUnit4ClassRunner$1.runReflectiveCall(SpringJUnit4ClassRunner.java:289)
	at org.junit.internal.runners.model.ReflectiveCallable.run(ReflectiveCallable.java:12)
	at org.springframework.test.context.junit4.SpringJUnit4ClassRunner.methodBlock(SpringJUnit4ClassRunner.java:291)
	at org.springframework.test.context.junit4.SpringJUnit4ClassRunner.runChild(SpringJUnit4ClassRunner.java:247)
	at org.springframework.test.context.junit4.SpringJUnit4ClassRunner.runChild(SpringJUnit4ClassRunner.java:97)
	at org.junit.runners.ParentRunner$4.run(ParentRunner.java:331)
	at org.junit.runners.ParentRunner$1.schedule(ParentRunner.java:79)
	at org.junit.runners.ParentRunner.runChildren(ParentRunner.java:329)
	at org.junit.runners.ParentRunner.access$100(ParentRunner.java:66)
	at org.junit.runners.ParentRunner$2.evaluate(ParentRunner.java:293)
	at org.springframework.test.context.junit4.statements.RunBeforeTestClassCallbacks.evaluate(RunBeforeTestClassCallbacks.java:61)
	at org.springframework.test.context.junit4.statements.RunAfterTestClassCallbacks.evaluate(RunAfterTestClassCallbacks.java:70)
	at org.junit.runners.ParentRunner$3.evaluate(ParentRunner.java:306)
	at org.junit.runners.ParentRunner.run(ParentRunner.java:413)
	at org.springframework.test.context.junit4.SpringJUnit4ClassRunner.run(SpringJUnit4ClassRunner.java:191)
	at org.junit.runner.JUnitCore.run(JUnitCore.java:137)
	at com.intellij.junit4.JUnit4IdeaTestRunner.startRunnerWithArgs(JUnit4IdeaTestRunner.java:69)
	at com.intellij.rt.junit.IdeaTestRunner$Repeater$1.execute(IdeaTestRunner.java:38)
	at com.intellij.rt.execution.junit.TestsRepeater.repeat(TestsRepeater.java:11)
	at com.intellij.rt.junit.IdeaTestRunner$Repeater.startRunnerWithArgs(IdeaTestRunner.java:35)
	at com.intellij.rt.junit.JUnitStarter.prepareStreamsAndStart(JUnitStarter.java:231)
	at com.intellij.rt.junit.JUnitStarter.main(JUnitStarter.java:55)
Caused by: java.lang.RuntimeException: java.lang.RuntimeException: Client failed to initialize by explicit API call
	at com.vizhi.config.AiAgentAutoConfig.onApplicationEvent(AiAgentAutoConfig.java:37)
	at com.vizhi.config.AiAgentAutoConfig.onApplicationEvent(AiAgentAutoConfig.java:18)
	at com.vizhi.config.AiAgentAutoConfig$$SpringCGLIB$$0.onApplicationEvent(<generated>)
	at org.springframework.context.event.SimpleApplicationEventMulticaster.doInvokeListener(SimpleApplicationEventMulticaster.java:185)
	at org.springframework.context.event.SimpleApplicationEventMulticaster.invokeListener(SimpleApplicationEventMulticaster.java:178)
	at org.springframework.context.event.SimpleApplicationEventMulticaster.multicastEvent(SimpleApplicationEventMulticaster.java:156)
	at org.springframework.context.support.AbstractApplicationContext.publishEvent(AbstractApplicationContext.java:454)
	at org.springframework.context.support.AbstractApplicationContext.publishEvent(AbstractApplicationContext.java:387)
	at org.springframework.boot.context.event.EventPublishingRunListener.ready(EventPublishingRunListener.java:109)
	at org.springframework.boot.SpringApplicationRunListeners.lambda$ready$6(SpringApplicationRunListeners.java:80)
	at java.base/java.lang.Iterable.forEach(Iterable.java:75)
	at org.springframework.boot.SpringApplicationRunListeners.doWithListeners(SpringApplicationRunListeners.java:118)
	at org.springframework.boot.SpringApplicationRunListeners.doWithListeners(SpringApplicationRunListeners.java:112)
	at org.springframework.boot.SpringApplicationRunListeners.ready(SpringApplicationRunListeners.java:80)
	at org.springframework.boot.SpringApplication.run(SpringApplication.java:332)
	at org.springframework.boot.test.context.SpringBootContextLoader.lambda$loadContext$3(SpringBootContextLoader.java:137)
	at org.springframework.util.function.ThrowingSupplier.get(ThrowingSupplier.java:58)
	at org.springframework.util.function.ThrowingSupplier.get(ThrowingSupplier.java:46)
	at org.springframework.boot.SpringApplication.withHook(SpringApplication.java:1461)
	at org.springframework.boot.test.context.SpringBootContextLoader$ContextLoaderHook.run(SpringBootContextLoader.java:553)
	at org.springframework.boot.test.context.SpringBootContextLoader.loadContext(SpringBootContextLoader.java:137)
	at org.springframework.boot.test.context.SpringBootContextLoader.loadContext(SpringBootContextLoader.java:108)
	at org.springframework.test.context.cache.DefaultCacheAwareContextLoaderDelegate.loadContextInternal(DefaultCacheAwareContextLoaderDelegate.java:225)
	at org.springframework.test.context.cache.DefaultCacheAwareContextLoaderDelegate.loadContext(DefaultCacheAwareContextLoaderDelegate.java:152)
	... 27 common frames omitted
Caused by: java.lang.RuntimeException: Client failed to initialize by explicit API call
	at io.modelcontextprotocol.client.LifecycleInitializer.lambda$withInitialization$2(LifecycleInitializer.java:288)
	at reactor.core.publisher.FluxOnErrorResume$ResumeSubscriber.onError(FluxOnErrorResume.java:94)
	at reactor.core.publisher.SerializedSubscriber.onError(SerializedSubscriber.java:124)
	at reactor.core.publisher.FluxTimeout$TimeoutMainSubscriber.handleTimeout(FluxTimeout.java:296)
	at reactor.core.publisher.FluxTimeout$TimeoutMainSubscriber.doTimeout(FluxTimeout.java:281)
	at reactor.core.publisher.FluxTimeout$TimeoutTimeoutSubscriber.onNext(FluxTimeout.java:420)
	at reactor.core.publisher.FluxOnErrorReturn$ReturnSubscriber.onNext(FluxOnErrorReturn.java:162)
	at reactor.core.publisher.MonoDelay$MonoDelayRunnable.propagateDelay(MonoDelay.java:270)
	at reactor.core.publisher.MonoDelay$MonoDelayRunnable.run(MonoDelay.java:285)
	at reactor.core.scheduler.SchedulerTask.call(SchedulerTask.java:68)
	at reactor.core.scheduler.SchedulerTask.call(SchedulerTask.java:28)
	at java.base/java.util.concurrent.FutureTask.run$$$capture(FutureTask.java:264)
	at java.base/java.util.concurrent.FutureTask.run(FutureTask.java)
	at java.base/java.util.concurrent.ScheduledThreadPoolExecutor$ScheduledFutureTask.run(ScheduledThreadPoolExecutor.java:304)
	at java.base/java.util.concurrent.ThreadPoolExecutor.runWorker(ThreadPoolExecutor.java:1136)
	at java.base/java.util.concurrent.ThreadPoolExecutor$Worker.run(ThreadPoolExecutor.java:635)
	at java.base/java.lang.Thread.run(Thread.java:840)
	Suppressed: java.lang.Exception: #block terminated with an error
		at reactor.core.publisher.BlockingSingleSubscriber.blockingGet(BlockingSingleSubscriber.java:104)
		at reactor.core.publisher.Mono.block(Mono.java:1779)
		at io.modelcontextprotocol.client.McpSyncClient.initialize(McpSyncClient.java:189)
		at com.vizhi.domain.agent.service.armory.node.ChatModelNode.createMcpSyncClient(ChatModelNode.java:121)
		at com.vizhi.domain.agent.service.armory.node.ChatModelNode.doApply(ChatModelNode.java:57)
		at com.vizhi.domain.agent.service.armory.node.ChatModelNode.doApply(ChatModelNode.java:38)
		at cn.bugstack.wrench.design.framework.tree.AbstractMultiThreadStrategyRouter.apply(AbstractMultiThreadStrategyRouter.java:31)
		at cn.bugstack.wrench.design.framework.tree.AbstractMultiThreadStrategyRouter.router(AbstractMultiThreadStrategyRouter.java:22)
		at com.vizhi.domain.agent.service.armory.node.AiApiNode.doApply(AiApiNode.java:47)
		at com.vizhi.domain.agent.service.armory.node.AiApiNode.doApply(AiApiNode.java:22)
		at cn.bugstack.wrench.design.framework.tree.AbstractMultiThreadStrategyRouter.apply(AbstractMultiThreadStrategyRouter.java:31)
		at cn.bugstack.wrench.design.framework.tree.AbstractMultiThreadStrategyRouter.router(AbstractMultiThreadStrategyRouter.java:22)
		at com.vizhi.domain.agent.service.armory.node.RootNode.doApply(RootNode.java:30)
		at com.vizhi.domain.agent.service.armory.node.RootNode.doApply(RootNode.java:18)
		at cn.bugstack.wrench.design.framework.tree.AbstractMultiThreadStrategyRouter.apply(AbstractMultiThreadStrategyRouter.java:31)
		at com.vizhi.domain.agent.service.armory.ArmoryService.acceptArmoryAgents(ArmoryService.java:30)
		at com.vizhi.config.AiAgentAutoConfig.onApplicationEvent(AiAgentAutoConfig.java:34)
		at com.vizhi.config.AiAgentAutoConfig.onApplicationEvent(AiAgentAutoConfig.java:18)
		at com.vizhi.config.AiAgentAutoConfig$$SpringCGLIB$$0.onApplicationEvent(<generated>)
		at org.springframework.context.event.SimpleApplicationEventMulticaster.doInvokeListener(SimpleApplicationEventMulticaster.java:185)
		at org.springframework.context.event.SimpleApplicationEventMulticaster.invokeListener(SimpleApplicationEventMulticaster.java:178)
		at org.springframework.context.event.SimpleApplicationEventMulticaster.multicastEvent(SimpleApplicationEventMulticaster.java:156)
		at org.springframework.context.support.AbstractApplicationContext.publishEvent(AbstractApplicationContext.java:454)
		at org.springframework.context.support.AbstractApplicationContext.publishEvent(AbstractApplicationContext.java:387)
		at org.springframework.boot.context.event.EventPublishingRunListener.ready(EventPublishingRunListener.java:109)
		at org.springframework.boot.SpringApplicationRunListeners.lambda$ready$6(SpringApplicationRunListeners.java:80)
		at java.base/java.lang.Iterable.forEach(Iterable.java:75)
		at org.springframework.boot.SpringApplicationRunListeners.doWithListeners(SpringApplicationRunListeners.java:118)
		at org.springframework.boot.SpringApplicationRunListeners.doWithListeners(SpringApplicationRunListeners.java:112)
		at org.springframework.boot.SpringApplicationRunListeners.ready(SpringApplicationRunListeners.java:80)
		at org.springframework.boot.SpringApplication.run(SpringApplication.java:332)
		at org.springframework.boot.test.context.SpringBootContextLoader.lambda$loadContext$3(SpringBootContextLoader.java:137)
		at org.springframework.util.function.ThrowingSupplier.get(ThrowingSupplier.java:58)
		at org.springframework.util.function.ThrowingSupplier.get(ThrowingSupplier.java:46)
		at org.springframework.boot.SpringApplication.withHook(SpringApplication.java:1461)
		at org.springframework.boot.test.context.SpringBootContextLoader$ContextLoaderHook.run(SpringBootContextLoader.java:553)
		at org.springframework.boot.test.context.SpringBootContextLoader.loadContext(SpringBootContextLoader.java:137)
		at org.springframework.boot.test.context.SpringBootContextLoader.loadContext(SpringBootContextLoader.java:108)
		at org.springframework.test.context.cache.DefaultCacheAwareContextLoaderDelegate.loadContextInternal(DefaultCacheAwareContextLoaderDelegate.java:225)
		at org.springframework.test.context.cache.DefaultCacheAwareContextLoaderDelegate.loadContext(DefaultCacheAwareContextLoaderDelegate.java:152)
		at org.springframework.test.context.support.DefaultTestContext.getApplicationContext(DefaultTestContext.java:130)
		at org.springframework.test.context.web.ServletTestExecutionListener.setUpRequestContextIfNecessary(ServletTestExecutionListener.java:200)
		at org.springframework.test.context.web.ServletTestExecutionListener.prepareTestInstance(ServletTestExecutionListener.java:139)
		at org.springframework.test.context.TestContextManager.prepareTestInstance(TestContextManager.java:260)
		at org.springframework.test.context.junit4.SpringJUnit4ClassRunner.createTest(SpringJUnit4ClassRunner.java:228)
		at org.springframework.test.context.junit4.SpringJUnit4ClassRunner$1.runReflectiveCall(SpringJUnit4ClassRunner.java:289)
		at org.junit.internal.runners.model.ReflectiveCallable.run(ReflectiveCallable.java:12)
		at org.springframework.test.context.junit4.SpringJUnit4ClassRunner.methodBlock(SpringJUnit4ClassRunner.java:291)
		at org.springframework.test.context.junit4.SpringJUnit4ClassRunner.runChild(SpringJUnit4ClassRunner.java:247)
		at org.springframework.test.context.junit4.SpringJUnit4ClassRunner.runChild(SpringJUnit4ClassRunner.java:97)
		at org.junit.runners.ParentRunner$4.run(ParentRunner.java:331)
		at org.junit.runners.ParentRunner$1.schedule(ParentRunner.java:79)
		at org.junit.runners.ParentRunner.runChildren(ParentRunner.java:329)
		at org.junit.runners.ParentRunner.access$100(ParentRunner.java:66)
		at org.junit.runners.ParentRunner$2.evaluate(ParentRunner.java:293)
		at org.springframework.test.context.junit4.statements.RunBeforeTestClassCallbacks.evaluate(RunBeforeTestClassCallbacks.java:61)
		at org.springframework.test.context.junit4.statements.RunAfterTestClassCallbacks.evaluate(RunAfterTestClassCallbacks.java:70)
		at org.junit.runners.ParentRunner$3.evaluate(ParentRunner.java:306)
		at org.junit.runners.ParentRunner.run(ParentRunner.java:413)
		at org.springframework.test.context.junit4.SpringJUnit4ClassRunner.run(SpringJUnit4ClassRunner.java:191)
		at org.junit.runner.JUnitCore.run(JUnitCore.java:137)
		at com.intellij.junit4.JUnit4IdeaTestRunner.startRunnerWithArgs(JUnit4IdeaTestRunner.java:69)
		at com.intellij.rt.junit.IdeaTestRunner$Repeater$1.execute(IdeaTestRunner.java:38)
		at com.intellij.rt.execution.junit.TestsRepeater.repeat(TestsRepeater.java:11)
		at com.intellij.rt.junit.IdeaTestRunner$Repeater.startRunnerWithArgs(IdeaTestRunner.java:35)
		at com.intellij.rt.junit.JUnitStarter.prepareStreamsAndStart(JUnitStarter.java:231)
		at com.intellij.rt.junit.JUnitStarter.main(JUnitStarter.java:55)
Caused by: java.util.concurrent.TimeoutException: Did not observe any item or terminal signal within 20000ms in 'map' (and no fallback has been configured)
	... 14 common frames omitted
26-05-12.20:13:19.762 [main            ] WARN  PostProcessorRegistrationDelegate$BeanPostProcessorChecker - Bean 'org.springframework.ai.mcp.client.common.autoconfigure.annotations.McpClientAnnotationScannerAutoConfiguration' of type [org.springframework.ai.mcp.client.common.autoconfigure.annotations.McpClientAnnotationScannerAutoConfiguration] is not eligible for getting processed by all BeanPostProcessors (for example: not eligible for auto-proxying). Is this bean getting eagerly injected/applied to a currently created BeanPostProcessor [clientAnnotatedMethodBeanPostProcessor]? Check the corresponding BeanPostProcessor declaration and its dependencies/advisors. If this bean does not have to be post-processed, declare it with ROLE_INFRASTRUCTURE.
26-05-12.20:13:19.765 [main            ] WARN  PostProcessorRegistrationDelegate$BeanPostProcessorChecker - Bean 'clientAnnotatedBeans' of type [org.springframework.ai.mcp.client.common.autoconfigure.annotations.McpClientAnnotationScannerAutoConfiguration$ClientMcpAnnotatedBeans] is not eligible for getting processed by all BeanPostProcessors (for example: not eligible for auto-proxying). Is this bean getting eagerly injected/applied to a currently created BeanPostProcessor [clientAnnotatedMethodBeanPostProcessor]? Check the corresponding BeanPostProcessor declaration and its dependencies/advisors. If this bean does not have to be post-processed, declare it with ROLE_INFRASTRUCTURE.
26-05-12.20:13:19.773 [main            ] WARN  PostProcessorRegistrationDelegate$BeanPostProcessorChecker - Bean 'spring.ai.mcp.client.annotation-scanner-org.springframework.ai.mcp.client.common.autoconfigure.annotations.McpClientAnnotationScannerProperties' of type [org.springframework.ai.mcp.client.common.autoconfigure.annotations.McpClientAnnotationScannerProperties] is not eligible for getting processed by all BeanPostProcessors (for example: not eligible for auto-proxying). Is this bean getting eagerly injected/applied to a currently created BeanPostProcessor [clientAnnotatedMethodBeanPostProcessor]? Check the corresponding BeanPostProcessor declaration and its dependencies/advisors. If this bean does not have to be post-processed, declare it with ROLE_INFRASTRUCTURE.
26-05-12.20:13:21.424 [main            ] WARN  SyncMcpSamplingProvider - No sampling methods found
26-05-12.20:13:21.428 [main            ] WARN  SyncMcpElicitationProvider - No elicitation methods found
26-05-12.20:13:28.793 [HttpClient-3-Worker-0] WARN  HttpClientSseClientTransport - SSE stream observed an error
io.modelcontextprotocol.spec.McpTransportException: Invalid SSE response. Status code: 401 Line: {"code":216003,"requestId":"e8fb4a45-652e-4377-b6c4-1f6d0bd7470b","message":"[Code: NotFound; Message: Fail to authn apikey: NOT FOUND; RequestId: de341d03-718c-42aa-b5a7-b20a1f678f61]"}
	at io.modelcontextprotocol.client.transport.ResponseSubscribers$SseLineSubscriber.hookOnNext(ResponseSubscribers.java:185)
	at io.modelcontextprotocol.client.transport.ResponseSubscribers$SseLineSubscriber.hookOnNext(ResponseSubscribers.java:72)
	at reactor.core.publisher.BaseSubscriber.onNext(BaseSubscriber.java:160)
	at org.reactivestreams.FlowAdapters$FlowToReactiveSubscriber.onNext(FlowAdapters.java:211)
	at java.net.http/jdk.internal.net.http.LineSubscriberAdapter$LineSubscription.loop(LineSubscriberAdapter.java:447)
	at java.net.http/jdk.internal.net.http.common.SequentialScheduler$LockingRestartableTask.run(SequentialScheduler.java:205)
	at java.net.http/jdk.internal.net.http.common.SequentialScheduler$CompleteRestartableTask.run(SequentialScheduler.java:149)
	at java.net.http/jdk.internal.net.http.common.SequentialScheduler$SchedulableTask.run(SequentialScheduler.java:230)
	at java.net.http/jdk.internal.net.http.common.SequentialScheduler.runOrSchedule(SequentialScheduler.java:303)
	at java.net.http/jdk.internal.net.http.common.SequentialScheduler.runOrSchedule(SequentialScheduler.java:256)
	at java.net.http/jdk.internal.net.http.LineSubscriberAdapter$LineSubscription.signalComplete(LineSubscriberAdapter.java:193)
	at java.net.http/jdk.internal.net.http.LineSubscriberAdapter.onComplete(LineSubscriberAdapter.java:114)
	at java.net.http/jdk.internal.net.http.Http1Response$Http1BodySubscriber.complete(Http1Response.java:339)
	at java.net.http/jdk.internal.net.http.Http1Response$Http1BodySubscriber.onComplete(Http1Response.java:390)
	at java.net.http/jdk.internal.net.http.ResponseContent$FixedLengthBodyParser.accept(ResponseContent.java:608)
	at java.net.http/jdk.internal.net.http.ResponseContent$FixedLengthBodyParser.accept(ResponseContent.java:529)
	at java.net.http/jdk.internal.net.http.Http1Response$BodyReader.handle(Http1Response.java:790)
	at java.net.http/jdk.internal.net.http.Http1Response$BodyReader.handle(Http1Response.java:720)
	at java.net.http/jdk.internal.net.http.Http1Response$Receiver.accept(Http1Response.java:612)
	at java.net.http/jdk.internal.net.http.Http1Response$BodyReader.tryAsyncReceive(Http1Response.java:750)
	at java.net.http/jdk.internal.net.http.Http1AsyncReceiver.flush(Http1AsyncReceiver.java:233)
	at java.net.http/jdk.internal.net.http.common.SequentialScheduler$LockingRestartableTask.run(SequentialScheduler.java:205)
	at java.net.http/jdk.internal.net.http.common.SequentialScheduler$CompleteRestartableTask.run(SequentialScheduler.java:149)
	at java.net.http/jdk.internal.net.http.common.SequentialScheduler$TryEndDeferredCompleter.complete(SequentialScheduler.java:347)
	at java.net.http/jdk.internal.net.http.common.SequentialScheduler$CompleteRestartableTask.run(SequentialScheduler.java:151)
	at java.net.http/jdk.internal.net.http.common.SequentialScheduler$SchedulableTask.run(SequentialScheduler.java:230)
	at java.base/java.util.concurrent.ThreadPoolExecutor.runWorker(ThreadPoolExecutor.java:1136)
	at java.base/java.util.concurrent.ThreadPoolExecutor$Worker.run(ThreadPoolExecutor.java:635)
	at java.base/java.lang.Thread.run(Thread.java:840)
26-05-12.20:13:28.794 [HttpClient-3-Worker-0] ERROR Operators              - Operator called default onErrorDropped
reactor.core.Exceptions$ErrorCallbackNotImplemented: io.modelcontextprotocol.spec.McpTransportException: Invalid SSE response. Status code: 401 Line: {"code":216003,"requestId":"e8fb4a45-652e-4377-b6c4-1f6d0bd7470b","message":"[Code: NotFound; Message: Fail to authn apikey: NOT FOUND; RequestId: de341d03-718c-42aa-b5a7-b20a1f678f61]"}
Caused by: io.modelcontextprotocol.spec.McpTransportException: Invalid SSE response. Status code: 401 Line: {"code":216003,"requestId":"e8fb4a45-652e-4377-b6c4-1f6d0bd7470b","message":"[Code: NotFound; Message: Fail to authn apikey: NOT FOUND; RequestId: de341d03-718c-42aa-b5a7-b20a1f678f61]"}
	at io.modelcontextprotocol.client.transport.ResponseSubscribers$SseLineSubscriber.hookOnNext(ResponseSubscribers.java:185)
	at io.modelcontextprotocol.client.transport.ResponseSubscribers$SseLineSubscriber.hookOnNext(ResponseSubscribers.java:72)
	at reactor.core.publisher.BaseSubscriber.onNext(BaseSubscriber.java:160)
	at org.reactivestreams.FlowAdapters$FlowToReactiveSubscriber.onNext(FlowAdapters.java:211)
	at java.net.http/jdk.internal.net.http.LineSubscriberAdapter$LineSubscription.loop(LineSubscriberAdapter.java:447)
	at java.net.http/jdk.internal.net.http.common.SequentialScheduler$LockingRestartableTask.run(SequentialScheduler.java:205)
	at java.net.http/jdk.internal.net.http.common.SequentialScheduler$CompleteRestartableTask.run(SequentialScheduler.java:149)
	at java.net.http/jdk.internal.net.http.common.SequentialScheduler$SchedulableTask.run(SequentialScheduler.java:230)
	at java.net.http/jdk.internal.net.http.common.SequentialScheduler.runOrSchedule(SequentialScheduler.java:303)
	at java.net.http/jdk.internal.net.http.common.SequentialScheduler.runOrSchedule(SequentialScheduler.java:256)
	at java.net.http/jdk.internal.net.http.LineSubscriberAdapter$LineSubscription.signalComplete(LineSubscriberAdapter.java:193)
	at java.net.http/jdk.internal.net.http.LineSubscriberAdapter.onComplete(LineSubscriberAdapter.java:114)
	at java.net.http/jdk.internal.net.http.Http1Response$Http1BodySubscriber.complete(Http1Response.java:339)
	at java.net.http/jdk.internal.net.http.Http1Response$Http1BodySubscriber.onComplete(Http1Response.java:390)
	at java.net.http/jdk.internal.net.http.ResponseContent$FixedLengthBodyParser.accept(ResponseContent.java:608)
	at java.net.http/jdk.internal.net.http.ResponseContent$FixedLengthBodyParser.accept(ResponseContent.java:529)
	at java.net.http/jdk.internal.net.http.Http1Response$BodyReader.handle(Http1Response.java:790)
	at java.net.http/jdk.internal.net.http.Http1Response$BodyReader.handle(Http1Response.java:720)
	at java.net.http/jdk.internal.net.http.Http1Response$Receiver.accept(Http1Response.java:612)
	at java.net.http/jdk.internal.net.http.Http1Response$BodyReader.tryAsyncReceive(Http1Response.java:750)
	at java.net.http/jdk.internal.net.http.Http1AsyncReceiver.flush(Http1AsyncReceiver.java:233)
	at java.net.http/jdk.internal.net.http.common.SequentialScheduler$LockingRestartableTask.run(SequentialScheduler.java:205)
	at java.net.http/jdk.internal.net.http.common.SequentialScheduler$CompleteRestartableTask.run(SequentialScheduler.java:149)
	at java.net.http/jdk.internal.net.http.common.SequentialScheduler$TryEndDeferredCompleter.complete(SequentialScheduler.java:347)
	at java.net.http/jdk.internal.net.http.common.SequentialScheduler$CompleteRestartableTask.run(SequentialScheduler.java:151)
	at java.net.http/jdk.internal.net.http.common.SequentialScheduler$SchedulableTask.run(SequentialScheduler.java:230)
	at java.base/java.util.concurrent.ThreadPoolExecutor.runWorker(ThreadPoolExecutor.java:1136)
	at java.base/java.util.concurrent.ThreadPoolExecutor$Worker.run(ThreadPoolExecutor.java:635)
	at java.base/java.lang.Thread.run(Thread.java:840)
26-05-12.20:13:36.302 [main            ] WARN  PostProcessorRegistrationDelegate$BeanPostProcessorChecker - Bean 'org.springframework.ai.mcp.client.common.autoconfigure.annotations.McpClientAnnotationScannerAutoConfiguration' of type [org.springframework.ai.mcp.client.common.autoconfigure.annotations.McpClientAnnotationScannerAutoConfiguration] is not eligible for getting processed by all BeanPostProcessors (for example: not eligible for auto-proxying). Is this bean getting eagerly injected/applied to a currently created BeanPostProcessor [clientAnnotatedMethodBeanPostProcessor]? Check the corresponding BeanPostProcessor declaration and its dependencies/advisors. If this bean does not have to be post-processed, declare it with ROLE_INFRASTRUCTURE.
26-05-12.20:13:36.307 [main            ] WARN  PostProcessorRegistrationDelegate$BeanPostProcessorChecker - Bean 'clientAnnotatedBeans' of type [org.springframework.ai.mcp.client.common.autoconfigure.annotations.McpClientAnnotationScannerAutoConfiguration$ClientMcpAnnotatedBeans] is not eligible for getting processed by all BeanPostProcessors (for example: not eligible for auto-proxying). Is this bean getting eagerly injected/applied to a currently created BeanPostProcessor [clientAnnotatedMethodBeanPostProcessor]? Check the corresponding BeanPostProcessor declaration and its dependencies/advisors. If this bean does not have to be post-processed, declare it with ROLE_INFRASTRUCTURE.
26-05-12.20:13:36.319 [main            ] WARN  PostProcessorRegistrationDelegate$BeanPostProcessorChecker - Bean 'spring.ai.mcp.client.annotation-scanner-org.springframework.ai.mcp.client.common.autoconfigure.annotations.McpClientAnnotationScannerProperties' of type [org.springframework.ai.mcp.client.common.autoconfigure.annotations.McpClientAnnotationScannerProperties] is not eligible for getting processed by all BeanPostProcessors (for example: not eligible for auto-proxying). Is this bean getting eagerly injected/applied to a currently created BeanPostProcessor [clientAnnotatedMethodBeanPostProcessor]? Check the corresponding BeanPostProcessor declaration and its dependencies/advisors. If this bean does not have to be post-processed, declare it with ROLE_INFRASTRUCTURE.
26-05-12.20:13:38.368 [main            ] WARN  SyncMcpSamplingProvider - No sampling methods found
26-05-12.20:13:38.370 [main            ] WARN  SyncMcpElicitationProvider - No elicitation methods found
26-05-12.20:13:38.889 [main            ] WARN  PostProcessorRegistrationDelegate$BeanPostProcessorChecker - Bean 'org.springframework.ai.mcp.client.common.autoconfigure.annotations.McpClientAnnotationScannerAutoConfiguration' of type [org.springframework.ai.mcp.client.common.autoconfigure.annotations.McpClientAnnotationScannerAutoConfiguration] is not eligible for getting processed by all BeanPostProcessors (for example: not eligible for auto-proxying). Is this bean getting eagerly injected/applied to a currently created BeanPostProcessor [clientAnnotatedMethodBeanPostProcessor]? Check the corresponding BeanPostProcessor declaration and its dependencies/advisors. If this bean does not have to be post-processed, declare it with ROLE_INFRASTRUCTURE.
26-05-12.20:13:38.894 [main            ] WARN  PostProcessorRegistrationDelegate$BeanPostProcessorChecker - Bean 'clientAnnotatedBeans' of type [org.springframework.ai.mcp.client.common.autoconfigure.annotations.McpClientAnnotationScannerAutoConfiguration$ClientMcpAnnotatedBeans] is not eligible for getting processed by all BeanPostProcessors (for example: not eligible for auto-proxying). Is this bean getting eagerly injected/applied to a currently created BeanPostProcessor [clientAnnotatedMethodBeanPostProcessor]? Check the corresponding BeanPostProcessor declaration and its dependencies/advisors. If this bean does not have to be post-processed, declare it with ROLE_INFRASTRUCTURE.
26-05-12.20:13:38.905 [main            ] WARN  PostProcessorRegistrationDelegate$BeanPostProcessorChecker - Bean 'spring.ai.mcp.client.annotation-scanner-org.springframework.ai.mcp.client.common.autoconfigure.annotations.McpClientAnnotationScannerProperties' of type [org.springframework.ai.mcp.client.common.autoconfigure.annotations.McpClientAnnotationScannerProperties] is not eligible for getting processed by all BeanPostProcessors (for example: not eligible for auto-proxying). Is this bean getting eagerly injected/applied to a currently created BeanPostProcessor [clientAnnotatedMethodBeanPostProcessor]? Check the corresponding BeanPostProcessor declaration and its dependencies/advisors. If this bean does not have to be post-processed, declare it with ROLE_INFRASTRUCTURE.
26-05-12.20:13:40.811 [main            ] WARN  SyncMcpSamplingProvider - No sampling methods found
26-05-12.20:13:40.814 [main            ] WARN  SyncMcpElicitationProvider - No elicitation methods found
26-05-12.20:14:03.105 [HttpClient-3-Worker-0] WARN  HttpClientSseClientTransport - SSE stream observed an error
io.modelcontextprotocol.spec.McpTransportException: Invalid SSE response. Status code: 401 Line: {"code":216003,"requestId":"e833a245-fae0-4ded-93cd-4619e05d0e9b","message":"[Code: NotFound; Message: Fail to authn apikey: NOT FOUND; RequestId: 4d1020ad-a58e-4d66-b0f8-d5a64706463d]"}
	at io.modelcontextprotocol.client.transport.ResponseSubscribers$SseLineSubscriber.hookOnNext(ResponseSubscribers.java:185)
	at io.modelcontextprotocol.client.transport.ResponseSubscribers$SseLineSubscriber.hookOnNext(ResponseSubscribers.java:72)
	at reactor.core.publisher.BaseSubscriber.onNext(BaseSubscriber.java:160)
	at org.reactivestreams.FlowAdapters$FlowToReactiveSubscriber.onNext(FlowAdapters.java:211)
	at java.net.http/jdk.internal.net.http.LineSubscriberAdapter$LineSubscription.loop(LineSubscriberAdapter.java:447)
	at java.net.http/jdk.internal.net.http.common.SequentialScheduler$LockingRestartableTask.run(SequentialScheduler.java:205)
	at java.net.http/jdk.internal.net.http.common.SequentialScheduler$CompleteRestartableTask.run(SequentialScheduler.java:149)
	at java.net.http/jdk.internal.net.http.common.SequentialScheduler$SchedulableTask.run(SequentialScheduler.java:230)
	at java.net.http/jdk.internal.net.http.common.SequentialScheduler.runOrSchedule(SequentialScheduler.java:303)
	at java.net.http/jdk.internal.net.http.common.SequentialScheduler.runOrSchedule(SequentialScheduler.java:256)
	at java.net.http/jdk.internal.net.http.LineSubscriberAdapter$LineSubscription.signalComplete(LineSubscriberAdapter.java:193)
	at java.net.http/jdk.internal.net.http.LineSubscriberAdapter.onComplete(LineSubscriberAdapter.java:114)
	at java.net.http/jdk.internal.net.http.Http1Response$Http1BodySubscriber.complete(Http1Response.java:339)
	at java.net.http/jdk.internal.net.http.Http1Response$Http1BodySubscriber.onComplete(Http1Response.java:390)
	at java.net.http/jdk.internal.net.http.ResponseContent$FixedLengthBodyParser.accept(ResponseContent.java:608)
	at java.net.http/jdk.internal.net.http.ResponseContent$FixedLengthBodyParser.accept(ResponseContent.java:529)
	at java.net.http/jdk.internal.net.http.Http1Response$BodyReader.handle(Http1Response.java:790)
	at java.net.http/jdk.internal.net.http.Http1Response$BodyReader.handle(Http1Response.java:720)
	at java.net.http/jdk.internal.net.http.Http1Response$Receiver.accept(Http1Response.java:612)
	at java.net.http/jdk.internal.net.http.Http1Response$BodyReader.tryAsyncReceive(Http1Response.java:750)
	at java.net.http/jdk.internal.net.http.Http1AsyncReceiver.flush(Http1AsyncReceiver.java:233)
	at java.net.http/jdk.internal.net.http.common.SequentialScheduler$LockingRestartableTask.run(SequentialScheduler.java:205)
	at java.net.http/jdk.internal.net.http.common.SequentialScheduler$CompleteRestartableTask.run(SequentialScheduler.java:149)
	at java.net.http/jdk.internal.net.http.common.SequentialScheduler$TryEndDeferredCompleter.complete(SequentialScheduler.java:347)
	at java.net.http/jdk.internal.net.http.common.SequentialScheduler$CompleteRestartableTask.run(SequentialScheduler.java:151)
	at java.net.http/jdk.internal.net.http.common.SequentialScheduler$SchedulableTask.run(SequentialScheduler.java:230)
	at java.base/java.util.concurrent.ThreadPoolExecutor.runWorker(ThreadPoolExecutor.java:1136)
	at java.base/java.util.concurrent.ThreadPoolExecutor$Worker.run(ThreadPoolExecutor.java:635)
	at java.base/java.lang.Thread.run(Thread.java:840)
26-05-12.20:14:03.106 [HttpClient-3-Worker-0] ERROR Operators              - Operator called default onErrorDropped
reactor.core.Exceptions$ErrorCallbackNotImplemented: io.modelcontextprotocol.spec.McpTransportException: Invalid SSE response. Status code: 401 Line: {"code":216003,"requestId":"e833a245-fae0-4ded-93cd-4619e05d0e9b","message":"[Code: NotFound; Message: Fail to authn apikey: NOT FOUND; RequestId: 4d1020ad-a58e-4d66-b0f8-d5a64706463d]"}
Caused by: io.modelcontextprotocol.spec.McpTransportException: Invalid SSE response. Status code: 401 Line: {"code":216003,"requestId":"e833a245-fae0-4ded-93cd-4619e05d0e9b","message":"[Code: NotFound; Message: Fail to authn apikey: NOT FOUND; RequestId: 4d1020ad-a58e-4d66-b0f8-d5a64706463d]"}
	at io.modelcontextprotocol.client.transport.ResponseSubscribers$SseLineSubscriber.hookOnNext(ResponseSubscribers.java:185)
	at io.modelcontextprotocol.client.transport.ResponseSubscribers$SseLineSubscriber.hookOnNext(ResponseSubscribers.java:72)
	at reactor.core.publisher.BaseSubscriber.onNext(BaseSubscriber.java:160)
	at org.reactivestreams.FlowAdapters$FlowToReactiveSubscriber.onNext(FlowAdapters.java:211)
	at java.net.http/jdk.internal.net.http.LineSubscriberAdapter$LineSubscription.loop(LineSubscriberAdapter.java:447)
	at java.net.http/jdk.internal.net.http.common.SequentialScheduler$LockingRestartableTask.run(SequentialScheduler.java:205)
	at java.net.http/jdk.internal.net.http.common.SequentialScheduler$CompleteRestartableTask.run(SequentialScheduler.java:149)
	at java.net.http/jdk.internal.net.http.common.SequentialScheduler$SchedulableTask.run(SequentialScheduler.java:230)
	at java.net.http/jdk.internal.net.http.common.SequentialScheduler.runOrSchedule(SequentialScheduler.java:303)
	at java.net.http/jdk.internal.net.http.common.SequentialScheduler.runOrSchedule(SequentialScheduler.java:256)
	at java.net.http/jdk.internal.net.http.LineSubscriberAdapter$LineSubscription.signalComplete(LineSubscriberAdapter.java:193)
	at java.net.http/jdk.internal.net.http.LineSubscriberAdapter.onComplete(LineSubscriberAdapter.java:114)
	at java.net.http/jdk.internal.net.http.Http1Response$Http1BodySubscriber.complete(Http1Response.java:339)
	at java.net.http/jdk.internal.net.http.Http1Response$Http1BodySubscriber.onComplete(Http1Response.java:390)
	at java.net.http/jdk.internal.net.http.ResponseContent$FixedLengthBodyParser.accept(ResponseContent.java:608)
	at java.net.http/jdk.internal.net.http.ResponseContent$FixedLengthBodyParser.accept(ResponseContent.java:529)
	at java.net.http/jdk.internal.net.http.Http1Response$BodyReader.handle(Http1Response.java:790)
	at java.net.http/jdk.internal.net.http.Http1Response$BodyReader.handle(Http1Response.java:720)
	at java.net.http/jdk.internal.net.http.Http1Response$Receiver.accept(Http1Response.java:612)
	at java.net.http/jdk.internal.net.http.Http1Response$BodyReader.tryAsyncReceive(Http1Response.java:750)
	at java.net.http/jdk.internal.net.http.Http1AsyncReceiver.flush(Http1AsyncReceiver.java:233)
	at java.net.http/jdk.internal.net.http.common.SequentialScheduler$LockingRestartableTask.run(SequentialScheduler.java:205)
	at java.net.http/jdk.internal.net.http.common.SequentialScheduler$CompleteRestartableTask.run(SequentialScheduler.java:149)
	at java.net.http/jdk.internal.net.http.common.SequentialScheduler$TryEndDeferredCompleter.complete(SequentialScheduler.java:347)
	at java.net.http/jdk.internal.net.http.common.SequentialScheduler$CompleteRestartableTask.run(SequentialScheduler.java:151)
	at java.net.http/jdk.internal.net.http.common.SequentialScheduler$SchedulableTask.run(SequentialScheduler.java:230)
	at java.base/java.util.concurrent.ThreadPoolExecutor.runWorker(ThreadPoolExecutor.java:1136)
	at java.base/java.util.concurrent.ThreadPoolExecutor$Worker.run(ThreadPoolExecutor.java:635)
	at java.base/java.lang.Thread.run(Thread.java:840)
26-05-12.20:14:26.772 [main            ] ERROR SpringApplication      - Application run failed
java.lang.RuntimeException: java.lang.RuntimeException: Client failed to initialize by explicit API call
	at com.vizhi.config.AiAgentAutoConfig.onApplicationEvent(AiAgentAutoConfig.java:37)
	at com.vizhi.config.AiAgentAutoConfig.onApplicationEvent(AiAgentAutoConfig.java:18)
	at com.vizhi.config.AiAgentAutoConfig$$SpringCGLIB$$0.onApplicationEvent(<generated>)
	at org.springframework.context.event.SimpleApplicationEventMulticaster.doInvokeListener(SimpleApplicationEventMulticaster.java:185)
	at org.springframework.context.event.SimpleApplicationEventMulticaster.invokeListener(SimpleApplicationEventMulticaster.java:178)
	at org.springframework.context.event.SimpleApplicationEventMulticaster.multicastEvent(SimpleApplicationEventMulticaster.java:156)
	at org.springframework.context.support.AbstractApplicationContext.publishEvent(AbstractApplicationContext.java:454)
	at org.springframework.context.support.AbstractApplicationContext.publishEvent(AbstractApplicationContext.java:387)
	at org.springframework.boot.context.event.EventPublishingRunListener.ready(EventPublishingRunListener.java:109)
	at org.springframework.boot.SpringApplicationRunListeners.lambda$ready$6(SpringApplicationRunListeners.java:80)
	at java.base/java.lang.Iterable.forEach(Iterable.java:75)
	at org.springframework.boot.SpringApplicationRunListeners.doWithListeners(SpringApplicationRunListeners.java:118)
	at org.springframework.boot.SpringApplicationRunListeners.doWithListeners(SpringApplicationRunListeners.java:112)
	at org.springframework.boot.SpringApplicationRunListeners.ready(SpringApplicationRunListeners.java:80)
	at org.springframework.boot.SpringApplication.run(SpringApplication.java:332)
	at org.springframework.boot.test.context.SpringBootContextLoader.lambda$loadContext$3(SpringBootContextLoader.java:137)
	at org.springframework.util.function.ThrowingSupplier.get(ThrowingSupplier.java:58)
	at org.springframework.util.function.ThrowingSupplier.get(ThrowingSupplier.java:46)
	at org.springframework.boot.SpringApplication.withHook(SpringApplication.java:1461)
	at org.springframework.boot.test.context.SpringBootContextLoader$ContextLoaderHook.run(SpringBootContextLoader.java:553)
	at org.springframework.boot.test.context.SpringBootContextLoader.loadContext(SpringBootContextLoader.java:137)
	at org.springframework.boot.test.context.SpringBootContextLoader.loadContext(SpringBootContextLoader.java:108)
	at org.springframework.test.context.cache.DefaultCacheAwareContextLoaderDelegate.loadContextInternal(DefaultCacheAwareContextLoaderDelegate.java:225)
	at org.springframework.test.context.cache.DefaultCacheAwareContextLoaderDelegate.loadContext(DefaultCacheAwareContextLoaderDelegate.java:152)
	at org.springframework.test.context.support.DefaultTestContext.getApplicationContext(DefaultTestContext.java:130)
	at org.springframework.test.context.web.ServletTestExecutionListener.setUpRequestContextIfNecessary(ServletTestExecutionListener.java:200)
	at org.springframework.test.context.web.ServletTestExecutionListener.prepareTestInstance(ServletTestExecutionListener.java:139)
	at org.springframework.test.context.TestContextManager.prepareTestInstance(TestContextManager.java:260)
	at org.springframework.test.context.junit4.SpringJUnit4ClassRunner.createTest(SpringJUnit4ClassRunner.java:228)
	at org.springframework.test.context.junit4.SpringJUnit4ClassRunner$1.runReflectiveCall(SpringJUnit4ClassRunner.java:289)
	at org.junit.internal.runners.model.ReflectiveCallable.run(ReflectiveCallable.java:12)
	at org.springframework.test.context.junit4.SpringJUnit4ClassRunner.methodBlock(SpringJUnit4ClassRunner.java:291)
	at org.springframework.test.context.junit4.SpringJUnit4ClassRunner.runChild(SpringJUnit4ClassRunner.java:247)
	at org.springframework.test.context.junit4.SpringJUnit4ClassRunner.runChild(SpringJUnit4ClassRunner.java:97)
	at org.junit.runners.ParentRunner$4.run(ParentRunner.java:331)
	at org.junit.runners.ParentRunner$1.schedule(ParentRunner.java:79)
	at org.junit.runners.ParentRunner.runChildren(ParentRunner.java:329)
	at org.junit.runners.ParentRunner.access$100(ParentRunner.java:66)
	at org.junit.runners.ParentRunner$2.evaluate(ParentRunner.java:293)
	at org.springframework.test.context.junit4.statements.RunBeforeTestClassCallbacks.evaluate(RunBeforeTestClassCallbacks.java:61)
	at org.springframework.test.context.junit4.statements.RunAfterTestClassCallbacks.evaluate(RunAfterTestClassCallbacks.java:70)
	at org.junit.runners.ParentRunner$3.evaluate(ParentRunner.java:306)
	at org.junit.runners.ParentRunner.run(ParentRunner.java:413)
	at org.springframework.test.context.junit4.SpringJUnit4ClassRunner.run(SpringJUnit4ClassRunner.java:191)
	at org.junit.runner.JUnitCore.run(JUnitCore.java:137)
	at com.intellij.junit4.JUnit4IdeaTestRunner.startRunnerWithArgs(JUnit4IdeaTestRunner.java:69)
	at com.intellij.rt.junit.IdeaTestRunner$Repeater$1.execute(IdeaTestRunner.java:38)
	at com.intellij.rt.execution.junit.TestsRepeater.repeat(TestsRepeater.java:11)
	at com.intellij.rt.junit.IdeaTestRunner$Repeater.startRunnerWithArgs(IdeaTestRunner.java:35)
	at com.intellij.rt.junit.JUnitStarter.prepareStreamsAndStart(JUnitStarter.java:231)
	at com.intellij.rt.junit.JUnitStarter.main(JUnitStarter.java:55)
Caused by: java.lang.RuntimeException: Client failed to initialize by explicit API call
	at io.modelcontextprotocol.client.LifecycleInitializer.lambda$withInitialization$2(LifecycleInitializer.java:288)
	at reactor.core.publisher.FluxOnErrorResume$ResumeSubscriber.onError(FluxOnErrorResume.java:94)
	at reactor.core.publisher.SerializedSubscriber.onError(SerializedSubscriber.java:124)
	at reactor.core.publisher.FluxTimeout$TimeoutMainSubscriber.handleTimeout(FluxTimeout.java:296)
	at reactor.core.publisher.FluxTimeout$TimeoutMainSubscriber.doTimeout(FluxTimeout.java:281)
	at reactor.core.publisher.FluxTimeout$TimeoutTimeoutSubscriber.onNext(FluxTimeout.java:420)
	at reactor.core.publisher.FluxOnErrorReturn$ReturnSubscriber.onNext(FluxOnErrorReturn.java:162)
	at reactor.core.publisher.MonoDelay$MonoDelayRunnable.propagateDelay(MonoDelay.java:270)
	at reactor.core.publisher.MonoDelay$MonoDelayRunnable.run(MonoDelay.java:285)
	at reactor.core.scheduler.SchedulerTask.call(SchedulerTask.java:68)
	at reactor.core.scheduler.SchedulerTask.call(SchedulerTask.java:28)
	at java.base/java.util.concurrent.FutureTask.run$$$capture(FutureTask.java:264)
	at java.base/java.util.concurrent.FutureTask.run(FutureTask.java)
	at java.base/java.util.concurrent.ScheduledThreadPoolExecutor$ScheduledFutureTask.run(ScheduledThreadPoolExecutor.java:304)
	at java.base/java.util.concurrent.ThreadPoolExecutor.runWorker(ThreadPoolExecutor.java:1136)
	at java.base/java.util.concurrent.ThreadPoolExecutor$Worker.run(ThreadPoolExecutor.java:635)
	at java.base/java.lang.Thread.run(Thread.java:840)
	Suppressed: java.lang.Exception: #block terminated with an error
		at reactor.core.publisher.BlockingSingleSubscriber.blockingGet(BlockingSingleSubscriber.java:104)
		at reactor.core.publisher.Mono.block(Mono.java:1779)
		at io.modelcontextprotocol.client.McpSyncClient.initialize(McpSyncClient.java:189)
		at com.vizhi.domain.agent.service.armory.node.ChatModelNode.createMcpSyncClient(ChatModelNode.java:121)
		at com.vizhi.domain.agent.service.armory.node.ChatModelNode.doApply(ChatModelNode.java:57)
		at com.vizhi.domain.agent.service.armory.node.ChatModelNode.doApply(ChatModelNode.java:38)
		at cn.bugstack.wrench.design.framework.tree.AbstractMultiThreadStrategyRouter.apply(AbstractMultiThreadStrategyRouter.java:31)
		at cn.bugstack.wrench.design.framework.tree.AbstractMultiThreadStrategyRouter.router(AbstractMultiThreadStrategyRouter.java:22)
		at com.vizhi.domain.agent.service.armory.node.AiApiNode.doApply(AiApiNode.java:47)
		at com.vizhi.domain.agent.service.armory.node.AiApiNode.doApply(AiApiNode.java:22)
		at cn.bugstack.wrench.design.framework.tree.AbstractMultiThreadStrategyRouter.apply(AbstractMultiThreadStrategyRouter.java:31)
		at cn.bugstack.wrench.design.framework.tree.AbstractMultiThreadStrategyRouter.router(AbstractMultiThreadStrategyRouter.java:22)
		at com.vizhi.domain.agent.service.armory.node.RootNode.doApply(RootNode.java:30)
		at com.vizhi.domain.agent.service.armory.node.RootNode.doApply(RootNode.java:18)
		at cn.bugstack.wrench.design.framework.tree.AbstractMultiThreadStrategyRouter.apply(AbstractMultiThreadStrategyRouter.java:31)
		at com.vizhi.domain.agent.service.armory.ArmoryService.acceptArmoryAgents(ArmoryService.java:30)
		at com.vizhi.config.AiAgentAutoConfig.onApplicationEvent(AiAgentAutoConfig.java:34)
		at com.vizhi.config.AiAgentAutoConfig.onApplicationEvent(AiAgentAutoConfig.java:18)
		at com.vizhi.config.AiAgentAutoConfig$$SpringCGLIB$$0.onApplicationEvent(<generated>)
		at org.springframework.context.event.SimpleApplicationEventMulticaster.doInvokeListener(SimpleApplicationEventMulticaster.java:185)
		at org.springframework.context.event.SimpleApplicationEventMulticaster.invokeListener(SimpleApplicationEventMulticaster.java:178)
		at org.springframework.context.event.SimpleApplicationEventMulticaster.multicastEvent(SimpleApplicationEventMulticaster.java:156)
		at org.springframework.context.support.AbstractApplicationContext.publishEvent(AbstractApplicationContext.java:454)
		at org.springframework.context.support.AbstractApplicationContext.publishEvent(AbstractApplicationContext.java:387)
		at org.springframework.boot.context.event.EventPublishingRunListener.ready(EventPublishingRunListener.java:109)
		at org.springframework.boot.SpringApplicationRunListeners.lambda$ready$6(SpringApplicationRunListeners.java:80)
		at java.base/java.lang.Iterable.forEach(Iterable.java:75)
		at org.springframework.boot.SpringApplicationRunListeners.doWithListeners(SpringApplicationRunListeners.java:118)
		at org.springframework.boot.SpringApplicationRunListeners.doWithListeners(SpringApplicationRunListeners.java:112)
		at org.springframework.boot.SpringApplicationRunListeners.ready(SpringApplicationRunListeners.java:80)
		at org.springframework.boot.SpringApplication.run(SpringApplication.java:332)
		at org.springframework.boot.test.context.SpringBootContextLoader.lambda$loadContext$3(SpringBootContextLoader.java:137)
		at org.springframework.util.function.ThrowingSupplier.get(ThrowingSupplier.java:58)
		at org.springframework.util.function.ThrowingSupplier.get(ThrowingSupplier.java:46)
		at org.springframework.boot.SpringApplication.withHook(SpringApplication.java:1461)
		at org.springframework.boot.test.context.SpringBootContextLoader$ContextLoaderHook.run(SpringBootContextLoader.java:553)
		at org.springframework.boot.test.context.SpringBootContextLoader.loadContext(SpringBootContextLoader.java:137)
		at org.springframework.boot.test.context.SpringBootContextLoader.loadContext(SpringBootContextLoader.java:108)
		at org.springframework.test.context.cache.DefaultCacheAwareContextLoaderDelegate.loadContextInternal(DefaultCacheAwareContextLoaderDelegate.java:225)
		at org.springframework.test.context.cache.DefaultCacheAwareContextLoaderDelegate.loadContext(DefaultCacheAwareContextLoaderDelegate.java:152)
		at org.springframework.test.context.support.DefaultTestContext.getApplicationContext(DefaultTestContext.java:130)
		at org.springframework.test.context.web.ServletTestExecutionListener.setUpRequestContextIfNecessary(ServletTestExecutionListener.java:200)
		at org.springframework.test.context.web.ServletTestExecutionListener.prepareTestInstance(ServletTestExecutionListener.java:139)
		at org.springframework.test.context.TestContextManager.prepareTestInstance(TestContextManager.java:260)
		at org.springframework.test.context.junit4.SpringJUnit4ClassRunner.createTest(SpringJUnit4ClassRunner.java:228)
		at org.springframework.test.context.junit4.SpringJUnit4ClassRunner$1.runReflectiveCall(SpringJUnit4ClassRunner.java:289)
		at org.junit.internal.runners.model.ReflectiveCallable.run(ReflectiveCallable.java:12)
		at org.springframework.test.context.junit4.SpringJUnit4ClassRunner.methodBlock(SpringJUnit4ClassRunner.java:291)
		at org.springframework.test.context.junit4.SpringJUnit4ClassRunner.runChild(SpringJUnit4ClassRunner.java:247)
		at org.springframework.test.context.junit4.SpringJUnit4ClassRunner.runChild(SpringJUnit4ClassRunner.java:97)
		at org.junit.runners.ParentRunner$4.run(ParentRunner.java:331)
		at org.junit.runners.ParentRunner$1.schedule(ParentRunner.java:79)
		at org.junit.runners.ParentRunner.runChildren(ParentRunner.java:329)
		at org.junit.runners.ParentRunner.access$100(ParentRunner.java:66)
		at org.junit.runners.ParentRunner$2.evaluate(ParentRunner.java:293)
		at org.springframework.test.context.junit4.statements.RunBeforeTestClassCallbacks.evaluate(RunBeforeTestClassCallbacks.java:61)
		at org.springframework.test.context.junit4.statements.RunAfterTestClassCallbacks.evaluate(RunAfterTestClassCallbacks.java:70)
		at org.junit.runners.ParentRunner$3.evaluate(ParentRunner.java:306)
		at org.junit.runners.ParentRunner.run(ParentRunner.java:413)
		at org.springframework.test.context.junit4.SpringJUnit4ClassRunner.run(SpringJUnit4ClassRunner.java:191)
		at org.junit.runner.JUnitCore.run(JUnitCore.java:137)
		at com.intellij.junit4.JUnit4IdeaTestRunner.startRunnerWithArgs(JUnit4IdeaTestRunner.java:69)
		at com.intellij.rt.junit.IdeaTestRunner$Repeater$1.execute(IdeaTestRunner.java:38)
		at com.intellij.rt.execution.junit.TestsRepeater.repeat(TestsRepeater.java:11)
		at com.intellij.rt.junit.IdeaTestRunner$Repeater.startRunnerWithArgs(IdeaTestRunner.java:35)
		at com.intellij.rt.junit.JUnitStarter.prepareStreamsAndStart(JUnitStarter.java:231)
		at com.intellij.rt.junit.JUnitStarter.main(JUnitStarter.java:55)
Caused by: java.util.concurrent.TimeoutException: Did not observe any item or terminal signal within 20000ms in 'map' (and no fallback has been configured)
	... 14 common frames omitted
26-05-12.20:14:26.781 [main            ] WARN  TestContextManager     - Caught exception while allowing TestExecutionListener [org.springframework.test.context.web.ServletTestExecutionListener] to prepare test instance [com.vizhi.test.app.AiAgentAutoConfigTest@240f2efd]
java.lang.IllegalStateException: Failed to load ApplicationContext for [WebMergedContextConfiguration@204c5ddf testClass = com.vizhi.test.app.AiAgentAutoConfigTest, locations = [], classes = [com.vizhi.Application], contextInitializerClasses = [], activeProfiles = [], propertySourceDescriptors = [], propertySourceProperties = ["org.springframework.boot.test.context.SpringBootTestContextBootstrapper=true"], contextCustomizers = [org.springframework.boot.test.context.filter.ExcludeFilterContextCustomizer@1b2abca6, org.springframework.boot.test.json.DuplicateJsonObjectContextCustomizerFactory$DuplicateJsonObjectContextCustomizer@342c38f8, org.springframework.boot.test.mock.mockito.MockitoContextCustomizer@0, org.springframework.boot.test.web.client.TestRestTemplateContextCustomizer@957e06, org.springframework.boot.test.web.reactive.server.WebTestClientContextCustomizer@36916eb0, org.springframework.boot.test.web.reactor.netty.DisableReactorResourceFactoryGlobalResourcesContextCustomizerFactory$DisableReactorResourceFactoryGlobalResourcesContextCustomizerCustomizer@54a7079e, org.springframework.boot.test.autoconfigure.OnFailureConditionReportContextCustomizerFactory$OnFailureConditionReportContextCustomizer@4b8ee4de, org.springframework.boot.test.autoconfigure.actuate.observability.ObservabilityContextCustomizerFactory$DisableObservabilityContextCustomizer@1f, org.springframework.boot.test.autoconfigure.properties.PropertyMappingContextCustomizer@0, org.springframework.boot.test.autoconfigure.web.servlet.WebDriverContextCustomizer@6fdbe764, org.springframework.test.context.support.DynamicPropertiesContextCustomizer@0, org.springframework.boot.test.context.SpringBootTestAnnotation@ed8c5e3], resourceBasePath = "src/main/webapp", contextLoader = org.springframework.boot.test.context.SpringBootContextLoader, parent = null]
	at org.springframework.test.context.cache.DefaultCacheAwareContextLoaderDelegate.loadContext(DefaultCacheAwareContextLoaderDelegate.java:180)
	at org.springframework.test.context.support.DefaultTestContext.getApplicationContext(DefaultTestContext.java:130)
	at org.springframework.test.context.web.ServletTestExecutionListener.setUpRequestContextIfNecessary(ServletTestExecutionListener.java:200)
	at org.springframework.test.context.web.ServletTestExecutionListener.prepareTestInstance(ServletTestExecutionListener.java:139)
	at org.springframework.test.context.TestContextManager.prepareTestInstance(TestContextManager.java:260)
	at org.springframework.test.context.junit4.SpringJUnit4ClassRunner.createTest(SpringJUnit4ClassRunner.java:228)
	at org.springframework.test.context.junit4.SpringJUnit4ClassRunner$1.runReflectiveCall(SpringJUnit4ClassRunner.java:289)
	at org.junit.internal.runners.model.ReflectiveCallable.run(ReflectiveCallable.java:12)
	at org.springframework.test.context.junit4.SpringJUnit4ClassRunner.methodBlock(SpringJUnit4ClassRunner.java:291)
	at org.springframework.test.context.junit4.SpringJUnit4ClassRunner.runChild(SpringJUnit4ClassRunner.java:247)
	at org.springframework.test.context.junit4.SpringJUnit4ClassRunner.runChild(SpringJUnit4ClassRunner.java:97)
	at org.junit.runners.ParentRunner$4.run(ParentRunner.java:331)
	at org.junit.runners.ParentRunner$1.schedule(ParentRunner.java:79)
	at org.junit.runners.ParentRunner.runChildren(ParentRunner.java:329)
	at org.junit.runners.ParentRunner.access$100(ParentRunner.java:66)
	at org.junit.runners.ParentRunner$2.evaluate(ParentRunner.java:293)
	at org.springframework.test.context.junit4.statements.RunBeforeTestClassCallbacks.evaluate(RunBeforeTestClassCallbacks.java:61)
	at org.springframework.test.context.junit4.statements.RunAfterTestClassCallbacks.evaluate(RunAfterTestClassCallbacks.java:70)
	at org.junit.runners.ParentRunner$3.evaluate(ParentRunner.java:306)
	at org.junit.runners.ParentRunner.run(ParentRunner.java:413)
	at org.springframework.test.context.junit4.SpringJUnit4ClassRunner.run(SpringJUnit4ClassRunner.java:191)
	at org.junit.runner.JUnitCore.run(JUnitCore.java:137)
	at com.intellij.junit4.JUnit4IdeaTestRunner.startRunnerWithArgs(JUnit4IdeaTestRunner.java:69)
	at com.intellij.rt.junit.IdeaTestRunner$Repeater$1.execute(IdeaTestRunner.java:38)
	at com.intellij.rt.execution.junit.TestsRepeater.repeat(TestsRepeater.java:11)
	at com.intellij.rt.junit.IdeaTestRunner$Repeater.startRunnerWithArgs(IdeaTestRunner.java:35)
	at com.intellij.rt.junit.JUnitStarter.prepareStreamsAndStart(JUnitStarter.java:231)
	at com.intellij.rt.junit.JUnitStarter.main(JUnitStarter.java:55)
Caused by: java.lang.RuntimeException: java.lang.RuntimeException: Client failed to initialize by explicit API call
	at com.vizhi.config.AiAgentAutoConfig.onApplicationEvent(AiAgentAutoConfig.java:37)
	at com.vizhi.config.AiAgentAutoConfig.onApplicationEvent(AiAgentAutoConfig.java:18)
	at com.vizhi.config.AiAgentAutoConfig$$SpringCGLIB$$0.onApplicationEvent(<generated>)
	at org.springframework.context.event.SimpleApplicationEventMulticaster.doInvokeListener(SimpleApplicationEventMulticaster.java:185)
	at org.springframework.context.event.SimpleApplicationEventMulticaster.invokeListener(SimpleApplicationEventMulticaster.java:178)
	at org.springframework.context.event.SimpleApplicationEventMulticaster.multicastEvent(SimpleApplicationEventMulticaster.java:156)
	at org.springframework.context.support.AbstractApplicationContext.publishEvent(AbstractApplicationContext.java:454)
	at org.springframework.context.support.AbstractApplicationContext.publishEvent(AbstractApplicationContext.java:387)
	at org.springframework.boot.context.event.EventPublishingRunListener.ready(EventPublishingRunListener.java:109)
	at org.springframework.boot.SpringApplicationRunListeners.lambda$ready$6(SpringApplicationRunListeners.java:80)
	at java.base/java.lang.Iterable.forEach(Iterable.java:75)
	at org.springframework.boot.SpringApplicationRunListeners.doWithListeners(SpringApplicationRunListeners.java:118)
	at org.springframework.boot.SpringApplicationRunListeners.doWithListeners(SpringApplicationRunListeners.java:112)
	at org.springframework.boot.SpringApplicationRunListeners.ready(SpringApplicationRunListeners.java:80)
	at org.springframework.boot.SpringApplication.run(SpringApplication.java:332)
	at org.springframework.boot.test.context.SpringBootContextLoader.lambda$loadContext$3(SpringBootContextLoader.java:137)
	at org.springframework.util.function.ThrowingSupplier.get(ThrowingSupplier.java:58)
	at org.springframework.util.function.ThrowingSupplier.get(ThrowingSupplier.java:46)
	at org.springframework.boot.SpringApplication.withHook(SpringApplication.java:1461)
	at org.springframework.boot.test.context.SpringBootContextLoader$ContextLoaderHook.run(SpringBootContextLoader.java:553)
	at org.springframework.boot.test.context.SpringBootContextLoader.loadContext(SpringBootContextLoader.java:137)
	at org.springframework.boot.test.context.SpringBootContextLoader.loadContext(SpringBootContextLoader.java:108)
	at org.springframework.test.context.cache.DefaultCacheAwareContextLoaderDelegate.loadContextInternal(DefaultCacheAwareContextLoaderDelegate.java:225)
	at org.springframework.test.context.cache.DefaultCacheAwareContextLoaderDelegate.loadContext(DefaultCacheAwareContextLoaderDelegate.java:152)
	... 27 common frames omitted
Caused by: java.lang.RuntimeException: Client failed to initialize by explicit API call
	at io.modelcontextprotocol.client.LifecycleInitializer.lambda$withInitialization$2(LifecycleInitializer.java:288)
	at reactor.core.publisher.FluxOnErrorResume$ResumeSubscriber.onError(FluxOnErrorResume.java:94)
	at reactor.core.publisher.SerializedSubscriber.onError(SerializedSubscriber.java:124)
	at reactor.core.publisher.FluxTimeout$TimeoutMainSubscriber.handleTimeout(FluxTimeout.java:296)
	at reactor.core.publisher.FluxTimeout$TimeoutMainSubscriber.doTimeout(FluxTimeout.java:281)
	at reactor.core.publisher.FluxTimeout$TimeoutTimeoutSubscriber.onNext(FluxTimeout.java:420)
	at reactor.core.publisher.FluxOnErrorReturn$ReturnSubscriber.onNext(FluxOnErrorReturn.java:162)
	at reactor.core.publisher.MonoDelay$MonoDelayRunnable.propagateDelay(MonoDelay.java:270)
	at reactor.core.publisher.MonoDelay$MonoDelayRunnable.run(MonoDelay.java:285)
	at reactor.core.scheduler.SchedulerTask.call(SchedulerTask.java:68)
	at reactor.core.scheduler.SchedulerTask.call(SchedulerTask.java:28)
	at java.base/java.util.concurrent.FutureTask.run$$$capture(FutureTask.java:264)
	at java.base/java.util.concurrent.FutureTask.run(FutureTask.java)
	at java.base/java.util.concurrent.ScheduledThreadPoolExecutor$ScheduledFutureTask.run(ScheduledThreadPoolExecutor.java:304)
	at java.base/java.util.concurrent.ThreadPoolExecutor.runWorker(ThreadPoolExecutor.java:1136)
	at java.base/java.util.concurrent.ThreadPoolExecutor$Worker.run(ThreadPoolExecutor.java:635)
	at java.base/java.lang.Thread.run(Thread.java:840)
	Suppressed: java.lang.Exception: #block terminated with an error
		at reactor.core.publisher.BlockingSingleSubscriber.blockingGet(BlockingSingleSubscriber.java:104)
		at reactor.core.publisher.Mono.block(Mono.java:1779)
		at io.modelcontextprotocol.client.McpSyncClient.initialize(McpSyncClient.java:189)
		at com.vizhi.domain.agent.service.armory.node.ChatModelNode.createMcpSyncClient(ChatModelNode.java:121)
		at com.vizhi.domain.agent.service.armory.node.ChatModelNode.doApply(ChatModelNode.java:57)
		at com.vizhi.domain.agent.service.armory.node.ChatModelNode.doApply(ChatModelNode.java:38)
		at cn.bugstack.wrench.design.framework.tree.AbstractMultiThreadStrategyRouter.apply(AbstractMultiThreadStrategyRouter.java:31)
		at cn.bugstack.wrench.design.framework.tree.AbstractMultiThreadStrategyRouter.router(AbstractMultiThreadStrategyRouter.java:22)
		at com.vizhi.domain.agent.service.armory.node.AiApiNode.doApply(AiApiNode.java:47)
		at com.vizhi.domain.agent.service.armory.node.AiApiNode.doApply(AiApiNode.java:22)
		at cn.bugstack.wrench.design.framework.tree.AbstractMultiThreadStrategyRouter.apply(AbstractMultiThreadStrategyRouter.java:31)
		at cn.bugstack.wrench.design.framework.tree.AbstractMultiThreadStrategyRouter.router(AbstractMultiThreadStrategyRouter.java:22)
		at com.vizhi.domain.agent.service.armory.node.RootNode.doApply(RootNode.java:30)
		at com.vizhi.domain.agent.service.armory.node.RootNode.doApply(RootNode.java:18)
		at cn.bugstack.wrench.design.framework.tree.AbstractMultiThreadStrategyRouter.apply(AbstractMultiThreadStrategyRouter.java:31)
		at com.vizhi.domain.agent.service.armory.ArmoryService.acceptArmoryAgents(ArmoryService.java:30)
		at com.vizhi.config.AiAgentAutoConfig.onApplicationEvent(AiAgentAutoConfig.java:34)
		at com.vizhi.config.AiAgentAutoConfig.onApplicationEvent(AiAgentAutoConfig.java:18)
		at com.vizhi.config.AiAgentAutoConfig$$SpringCGLIB$$0.onApplicationEvent(<generated>)
		at org.springframework.context.event.SimpleApplicationEventMulticaster.doInvokeListener(SimpleApplicationEventMulticaster.java:185)
		at org.springframework.context.event.SimpleApplicationEventMulticaster.invokeListener(SimpleApplicationEventMulticaster.java:178)
		at org.springframework.context.event.SimpleApplicationEventMulticaster.multicastEvent(SimpleApplicationEventMulticaster.java:156)
		at org.springframework.context.support.AbstractApplicationContext.publishEvent(AbstractApplicationContext.java:454)
		at org.springframework.context.support.AbstractApplicationContext.publishEvent(AbstractApplicationContext.java:387)
		at org.springframework.boot.context.event.EventPublishingRunListener.ready(EventPublishingRunListener.java:109)
		at org.springframework.boot.SpringApplicationRunListeners.lambda$ready$6(SpringApplicationRunListeners.java:80)
		at java.base/java.lang.Iterable.forEach(Iterable.java:75)
		at org.springframework.boot.SpringApplicationRunListeners.doWithListeners(SpringApplicationRunListeners.java:118)
		at org.springframework.boot.SpringApplicationRunListeners.doWithListeners(SpringApplicationRunListeners.java:112)
		at org.springframework.boot.SpringApplicationRunListeners.ready(SpringApplicationRunListeners.java:80)
		at org.springframework.boot.SpringApplication.run(SpringApplication.java:332)
		at org.springframework.boot.test.context.SpringBootContextLoader.lambda$loadContext$3(SpringBootContextLoader.java:137)
		at org.springframework.util.function.ThrowingSupplier.get(ThrowingSupplier.java:58)
		at org.springframework.util.function.ThrowingSupplier.get(ThrowingSupplier.java:46)
		at org.springframework.boot.SpringApplication.withHook(SpringApplication.java:1461)
		at org.springframework.boot.test.context.SpringBootContextLoader$ContextLoaderHook.run(SpringBootContextLoader.java:553)
		at org.springframework.boot.test.context.SpringBootContextLoader.loadContext(SpringBootContextLoader.java:137)
		at org.springframework.boot.test.context.SpringBootContextLoader.loadContext(SpringBootContextLoader.java:108)
		at org.springframework.test.context.cache.DefaultCacheAwareContextLoaderDelegate.loadContextInternal(DefaultCacheAwareContextLoaderDelegate.java:225)
		at org.springframework.test.context.cache.DefaultCacheAwareContextLoaderDelegate.loadContext(DefaultCacheAwareContextLoaderDelegate.java:152)
		at org.springframework.test.context.support.DefaultTestContext.getApplicationContext(DefaultTestContext.java:130)
		at org.springframework.test.context.web.ServletTestExecutionListener.setUpRequestContextIfNecessary(ServletTestExecutionListener.java:200)
		at org.springframework.test.context.web.ServletTestExecutionListener.prepareTestInstance(ServletTestExecutionListener.java:139)
		at org.springframework.test.context.TestContextManager.prepareTestInstance(TestContextManager.java:260)
		at org.springframework.test.context.junit4.SpringJUnit4ClassRunner.createTest(SpringJUnit4ClassRunner.java:228)
		at org.springframework.test.context.junit4.SpringJUnit4ClassRunner$1.runReflectiveCall(SpringJUnit4ClassRunner.java:289)
		at org.junit.internal.runners.model.ReflectiveCallable.run(ReflectiveCallable.java:12)
		at org.springframework.test.context.junit4.SpringJUnit4ClassRunner.methodBlock(SpringJUnit4ClassRunner.java:291)
		at org.springframework.test.context.junit4.SpringJUnit4ClassRunner.runChild(SpringJUnit4ClassRunner.java:247)
		at org.springframework.test.context.junit4.SpringJUnit4ClassRunner.runChild(SpringJUnit4ClassRunner.java:97)
		at org.junit.runners.ParentRunner$4.run(ParentRunner.java:331)
		at org.junit.runners.ParentRunner$1.schedule(ParentRunner.java:79)
		at org.junit.runners.ParentRunner.runChildren(ParentRunner.java:329)
		at org.junit.runners.ParentRunner.access$100(ParentRunner.java:66)
		at org.junit.runners.ParentRunner$2.evaluate(ParentRunner.java:293)
		at org.springframework.test.context.junit4.statements.RunBeforeTestClassCallbacks.evaluate(RunBeforeTestClassCallbacks.java:61)
		at org.springframework.test.context.junit4.statements.RunAfterTestClassCallbacks.evaluate(RunAfterTestClassCallbacks.java:70)
		at org.junit.runners.ParentRunner$3.evaluate(ParentRunner.java:306)
		at org.junit.runners.ParentRunner.run(ParentRunner.java:413)
		at org.springframework.test.context.junit4.SpringJUnit4ClassRunner.run(SpringJUnit4ClassRunner.java:191)
		at org.junit.runner.JUnitCore.run(JUnitCore.java:137)
		at com.intellij.junit4.JUnit4IdeaTestRunner.startRunnerWithArgs(JUnit4IdeaTestRunner.java:69)
		at com.intellij.rt.junit.IdeaTestRunner$Repeater$1.execute(IdeaTestRunner.java:38)
		at com.intellij.rt.execution.junit.TestsRepeater.repeat(TestsRepeater.java:11)
		at com.intellij.rt.junit.IdeaTestRunner$Repeater.startRunnerWithArgs(IdeaTestRunner.java:35)
		at com.intellij.rt.junit.JUnitStarter.prepareStreamsAndStart(JUnitStarter.java:231)
		at com.intellij.rt.junit.JUnitStarter.main(JUnitStarter.java:55)
Caused by: java.util.concurrent.TimeoutException: Did not observe any item or terminal signal within 20000ms in 'map' (and no fallback has been configured)
	... 14 common frames omitted
26-05-12.20:15:11.879 [main            ] WARN  PostProcessorRegistrationDelegate$BeanPostProcessorChecker - Bean 'org.springframework.ai.mcp.client.common.autoconfigure.annotations.McpClientAnnotationScannerAutoConfiguration' of type [org.springframework.ai.mcp.client.common.autoconfigure.annotations.McpClientAnnotationScannerAutoConfiguration] is not eligible for getting processed by all BeanPostProcessors (for example: not eligible for auto-proxying). Is this bean getting eagerly injected/applied to a currently created BeanPostProcessor [clientAnnotatedMethodBeanPostProcessor]? Check the corresponding BeanPostProcessor declaration and its dependencies/advisors. If this bean does not have to be post-processed, declare it with ROLE_INFRASTRUCTURE.
26-05-12.20:15:11.883 [main            ] WARN  PostProcessorRegistrationDelegate$BeanPostProcessorChecker - Bean 'clientAnnotatedBeans' of type [org.springframework.ai.mcp.client.common.autoconfigure.annotations.McpClientAnnotationScannerAutoConfiguration$ClientMcpAnnotatedBeans] is not eligible for getting processed by all BeanPostProcessors (for example: not eligible for auto-proxying). Is this bean getting eagerly injected/applied to a currently created BeanPostProcessor [clientAnnotatedMethodBeanPostProcessor]? Check the corresponding BeanPostProcessor declaration and its dependencies/advisors. If this bean does not have to be post-processed, declare it with ROLE_INFRASTRUCTURE.
26-05-12.20:15:11.893 [main            ] WARN  PostProcessorRegistrationDelegate$BeanPostProcessorChecker - Bean 'spring.ai.mcp.client.annotation-scanner-org.springframework.ai.mcp.client.common.autoconfigure.annotations.McpClientAnnotationScannerProperties' of type [org.springframework.ai.mcp.client.common.autoconfigure.annotations.McpClientAnnotationScannerProperties] is not eligible for getting processed by all BeanPostProcessors (for example: not eligible for auto-proxying). Is this bean getting eagerly injected/applied to a currently created BeanPostProcessor [clientAnnotatedMethodBeanPostProcessor]? Check the corresponding BeanPostProcessor declaration and its dependencies/advisors. If this bean does not have to be post-processed, declare it with ROLE_INFRASTRUCTURE.
26-05-12.20:15:13.634 [main            ] WARN  SyncMcpSamplingProvider - No sampling methods found
26-05-12.20:15:13.639 [main            ] WARN  SyncMcpElicitationProvider - No elicitation methods found
26-05-12.20:20:35.757 [main            ] WARN  PostProcessorRegistrationDelegate$BeanPostProcessorChecker - Bean 'org.springframework.ai.mcp.client.common.autoconfigure.annotations.McpClientAnnotationScannerAutoConfiguration' of type [org.springframework.ai.mcp.client.common.autoconfigure.annotations.McpClientAnnotationScannerAutoConfiguration] is not eligible for getting processed by all BeanPostProcessors (for example: not eligible for auto-proxying). Is this bean getting eagerly injected/applied to a currently created BeanPostProcessor [clientAnnotatedMethodBeanPostProcessor]? Check the corresponding BeanPostProcessor declaration and its dependencies/advisors. If this bean does not have to be post-processed, declare it with ROLE_INFRASTRUCTURE.
26-05-12.20:20:35.761 [main            ] WARN  PostProcessorRegistrationDelegate$BeanPostProcessorChecker - Bean 'clientAnnotatedBeans' of type [org.springframework.ai.mcp.client.common.autoconfigure.annotations.McpClientAnnotationScannerAutoConfiguration$ClientMcpAnnotatedBeans] is not eligible for getting processed by all BeanPostProcessors (for example: not eligible for auto-proxying). Is this bean getting eagerly injected/applied to a currently created BeanPostProcessor [clientAnnotatedMethodBeanPostProcessor]? Check the corresponding BeanPostProcessor declaration and its dependencies/advisors. If this bean does not have to be post-processed, declare it with ROLE_INFRASTRUCTURE.
26-05-12.20:20:35.771 [main            ] WARN  PostProcessorRegistrationDelegate$BeanPostProcessorChecker - Bean 'spring.ai.mcp.client.annotation-scanner-org.springframework.ai.mcp.client.common.autoconfigure.annotations.McpClientAnnotationScannerProperties' of type [org.springframework.ai.mcp.client.common.autoconfigure.annotations.McpClientAnnotationScannerProperties] is not eligible for getting processed by all BeanPostProcessors (for example: not eligible for auto-proxying). Is this bean getting eagerly injected/applied to a currently created BeanPostProcessor [clientAnnotatedMethodBeanPostProcessor]? Check the corresponding BeanPostProcessor declaration and its dependencies/advisors. If this bean does not have to be post-processed, declare it with ROLE_INFRASTRUCTURE.
26-05-12.20:20:37.031 [main            ] WARN  SyncMcpSamplingProvider - No sampling methods found
26-05-12.20:20:37.035 [main            ] WARN  SyncMcpElicitationProvider - No elicitation methods found
26-05-12.20:20:42.398 [main            ] ERROR SyncMcpToolCallback    - Error calling tool: [TextContent[annotations=null, text=Error executing tool AIsearch: 1 validation error for AIsearchArguments
search_domain_filter
  Input should be a valid list [type=list_type, input_value=None, input_type=NoneType]
    For further information visit https://errors.pydantic.dev/2.10/v/list_type, meta=null]]
26-05-12.20:25:38.600 [main            ] WARN  PostProcessorRegistrationDelegate$BeanPostProcessorChecker - Bean 'org.springframework.ai.mcp.client.common.autoconfigure.annotations.McpClientAnnotationScannerAutoConfiguration' of type [org.springframework.ai.mcp.client.common.autoconfigure.annotations.McpClientAnnotationScannerAutoConfiguration] is not eligible for getting processed by all BeanPostProcessors (for example: not eligible for auto-proxying). Is this bean getting eagerly injected/applied to a currently created BeanPostProcessor [clientAnnotatedMethodBeanPostProcessor]? Check the corresponding BeanPostProcessor declaration and its dependencies/advisors. If this bean does not have to be post-processed, declare it with ROLE_INFRASTRUCTURE.
26-05-12.20:25:38.604 [main            ] WARN  PostProcessorRegistrationDelegate$BeanPostProcessorChecker - Bean 'clientAnnotatedBeans' of type [org.springframework.ai.mcp.client.common.autoconfigure.annotations.McpClientAnnotationScannerAutoConfiguration$ClientMcpAnnotatedBeans] is not eligible for getting processed by all BeanPostProcessors (for example: not eligible for auto-proxying). Is this bean getting eagerly injected/applied to a currently created BeanPostProcessor [clientAnnotatedMethodBeanPostProcessor]? Check the corresponding BeanPostProcessor declaration and its dependencies/advisors. If this bean does not have to be post-processed, declare it with ROLE_INFRASTRUCTURE.
26-05-12.20:25:38.619 [main            ] WARN  PostProcessorRegistrationDelegate$BeanPostProcessorChecker - Bean 'spring.ai.mcp.client.annotation-scanner-org.springframework.ai.mcp.client.common.autoconfigure.annotations.McpClientAnnotationScannerProperties' of type [org.springframework.ai.mcp.client.common.autoconfigure.annotations.McpClientAnnotationScannerProperties] is not eligible for getting processed by all BeanPostProcessors (for example: not eligible for auto-proxying). Is this bean getting eagerly injected/applied to a currently created BeanPostProcessor [clientAnnotatedMethodBeanPostProcessor]? Check the corresponding BeanPostProcessor declaration and its dependencies/advisors. If this bean does not have to be post-processed, declare it with ROLE_INFRASTRUCTURE.
26-05-12.20:25:40.455 [main            ] WARN  SyncMcpSamplingProvider - No sampling methods found
26-05-12.20:25:40.458 [main            ] WARN  SyncMcpElicitationProvider - No elicitation methods found
26-05-12.20:26:33.700 [main            ] WARN  PostProcessorRegistrationDelegate$BeanPostProcessorChecker - Bean 'org.springframework.ai.mcp.client.common.autoconfigure.annotations.McpClientAnnotationScannerAutoConfiguration' of type [org.springframework.ai.mcp.client.common.autoconfigure.annotations.McpClientAnnotationScannerAutoConfiguration] is not eligible for getting processed by all BeanPostProcessors (for example: not eligible for auto-proxying). Is this bean getting eagerly injected/applied to a currently created BeanPostProcessor [clientAnnotatedMethodBeanPostProcessor]? Check the corresponding BeanPostProcessor declaration and its dependencies/advisors. If this bean does not have to be post-processed, declare it with ROLE_INFRASTRUCTURE.
26-05-12.20:26:33.703 [main            ] WARN  PostProcessorRegistrationDelegate$BeanPostProcessorChecker - Bean 'clientAnnotatedBeans' of type [org.springframework.ai.mcp.client.common.autoconfigure.annotations.McpClientAnnotationScannerAutoConfiguration$ClientMcpAnnotatedBeans] is not eligible for getting processed by all BeanPostProcessors (for example: not eligible for auto-proxying). Is this bean getting eagerly injected/applied to a currently created BeanPostProcessor [clientAnnotatedMethodBeanPostProcessor]? Check the corresponding BeanPostProcessor declaration and its dependencies/advisors. If this bean does not have to be post-processed, declare it with ROLE_INFRASTRUCTURE.
26-05-12.20:26:33.710 [main            ] WARN  PostProcessorRegistrationDelegate$BeanPostProcessorChecker - Bean 'spring.ai.mcp.client.annotation-scanner-org.springframework.ai.mcp.client.common.autoconfigure.annotations.McpClientAnnotationScannerProperties' of type [org.springframework.ai.mcp.client.common.autoconfigure.annotations.McpClientAnnotationScannerProperties] is not eligible for getting processed by all BeanPostProcessors (for example: not eligible for auto-proxying). Is this bean getting eagerly injected/applied to a currently created BeanPostProcessor [clientAnnotatedMethodBeanPostProcessor]? Check the corresponding BeanPostProcessor declaration and its dependencies/advisors. If this bean does not have to be post-processed, declare it with ROLE_INFRASTRUCTURE.
26-05-12.20:26:35.327 [main            ] WARN  SyncMcpSamplingProvider - No sampling methods found
26-05-12.20:26:35.329 [main            ] WARN  SyncMcpElicitationProvider - No elicitation methods found
26-05-12.21:56:34.980 [main            ] WARN  PostProcessorRegistrationDelegate$BeanPostProcessorChecker - Bean 'org.springframework.ai.mcp.client.common.autoconfigure.annotations.McpClientAnnotationScannerAutoConfiguration' of type [org.springframework.ai.mcp.client.common.autoconfigure.annotations.McpClientAnnotationScannerAutoConfiguration] is not eligible for getting processed by all BeanPostProcessors (for example: not eligible for auto-proxying). Is this bean getting eagerly injected/applied to a currently created BeanPostProcessor [clientAnnotatedMethodBeanPostProcessor]? Check the corresponding BeanPostProcessor declaration and its dependencies/advisors. If this bean does not have to be post-processed, declare it with ROLE_INFRASTRUCTURE.
26-05-12.21:56:34.983 [main            ] WARN  PostProcessorRegistrationDelegate$BeanPostProcessorChecker - Bean 'clientAnnotatedBeans' of type [org.springframework.ai.mcp.client.common.autoconfigure.annotations.McpClientAnnotationScannerAutoConfiguration$ClientMcpAnnotatedBeans] is not eligible for getting processed by all BeanPostProcessors (for example: not eligible for auto-proxying). Is this bean getting eagerly injected/applied to a currently created BeanPostProcessor [clientAnnotatedMethodBeanPostProcessor]? Check the corresponding BeanPostProcessor declaration and its dependencies/advisors. If this bean does not have to be post-processed, declare it with ROLE_INFRASTRUCTURE.
26-05-12.21:56:34.993 [main            ] WARN  PostProcessorRegistrationDelegate$BeanPostProcessorChecker - Bean 'spring.ai.mcp.client.annotation-scanner-org.springframework.ai.mcp.client.common.autoconfigure.annotations.McpClientAnnotationScannerProperties' of type [org.springframework.ai.mcp.client.common.autoconfigure.annotations.McpClientAnnotationScannerProperties] is not eligible for getting processed by all BeanPostProcessors (for example: not eligible for auto-proxying). Is this bean getting eagerly injected/applied to a currently created BeanPostProcessor [clientAnnotatedMethodBeanPostProcessor]? Check the corresponding BeanPostProcessor declaration and its dependencies/advisors. If this bean does not have to be post-processed, declare it with ROLE_INFRASTRUCTURE.
26-05-12.21:56:36.351 [main            ] WARN  SyncMcpSamplingProvider - No sampling methods found
26-05-12.21:56:36.353 [main            ] WARN  SyncMcpElicitationProvider - No elicitation methods found
26-05-12.21:56:41.586 [main            ] ERROR SyncMcpToolCallback    - Error calling tool: [TextContent[annotations=null, text=Error executing tool AIsearch: 2 validation errors for AIsearchArguments
search_domain_filter
  Input should be a valid list [type=list_type, input_value=None, input_type=NoneType]
    For further information visit https://errors.pydantic.dev/2.10/v/list_type
resource_type_filter
  Input should be a valid list [type=list_type, input_value=None, input_type=NoneType]
    For further information visit https://errors.pydantic.dev/2.10/v/list_type, meta=null]]
26-05-12.22:11:19.579 [main            ] WARN  PostProcessorRegistrationDelegate$BeanPostProcessorChecker - Bean 'org.springframework.ai.mcp.client.common.autoconfigure.annotations.McpClientAnnotationScannerAutoConfiguration' of type [org.springframework.ai.mcp.client.common.autoconfigure.annotations.McpClientAnnotationScannerAutoConfiguration] is not eligible for getting processed by all BeanPostProcessors (for example: not eligible for auto-proxying). Is this bean getting eagerly injected/applied to a currently created BeanPostProcessor [clientAnnotatedMethodBeanPostProcessor]? Check the corresponding BeanPostProcessor declaration and its dependencies/advisors. If this bean does not have to be post-processed, declare it with ROLE_INFRASTRUCTURE.
26-05-12.22:11:19.584 [main            ] WARN  PostProcessorRegistrationDelegate$BeanPostProcessorChecker - Bean 'clientAnnotatedBeans' of type [org.springframework.ai.mcp.client.common.autoconfigure.annotations.McpClientAnnotationScannerAutoConfiguration$ClientMcpAnnotatedBeans] is not eligible for getting processed by all BeanPostProcessors (for example: not eligible for auto-proxying). Is this bean getting eagerly injected/applied to a currently created BeanPostProcessor [clientAnnotatedMethodBeanPostProcessor]? Check the corresponding BeanPostProcessor declaration and its dependencies/advisors. If this bean does not have to be post-processed, declare it with ROLE_INFRASTRUCTURE.
26-05-12.22:11:19.596 [main            ] WARN  PostProcessorRegistrationDelegate$BeanPostProcessorChecker - Bean 'spring.ai.mcp.client.annotation-scanner-org.springframework.ai.mcp.client.common.autoconfigure.annotations.McpClientAnnotationScannerProperties' of type [org.springframework.ai.mcp.client.common.autoconfigure.annotations.McpClientAnnotationScannerProperties] is not eligible for getting processed by all BeanPostProcessors (for example: not eligible for auto-proxying). Is this bean getting eagerly injected/applied to a currently created BeanPostProcessor [clientAnnotatedMethodBeanPostProcessor]? Check the corresponding BeanPostProcessor declaration and its dependencies/advisors. If this bean does not have to be post-processed, declare it with ROLE_INFRASTRUCTURE.
26-05-12.22:11:20.821 [main            ] WARN  SyncMcpSamplingProvider - No sampling methods found
26-05-12.22:11:20.825 [main            ] WARN  SyncMcpElicitationProvider - No elicitation methods found
26-05-12.22:11:49.911 [main            ] WARN  PostProcessorRegistrationDelegate$BeanPostProcessorChecker - Bean 'org.springframework.ai.mcp.client.common.autoconfigure.annotations.McpClientAnnotationScannerAutoConfiguration' of type [org.springframework.ai.mcp.client.common.autoconfigure.annotations.McpClientAnnotationScannerAutoConfiguration] is not eligible for getting processed by all BeanPostProcessors (for example: not eligible for auto-proxying). Is this bean getting eagerly injected/applied to a currently created BeanPostProcessor [clientAnnotatedMethodBeanPostProcessor]? Check the corresponding BeanPostProcessor declaration and its dependencies/advisors. If this bean does not have to be post-processed, declare it with ROLE_INFRASTRUCTURE.
26-05-12.22:11:49.915 [main            ] WARN  PostProcessorRegistrationDelegate$BeanPostProcessorChecker - Bean 'clientAnnotatedBeans' of type [org.springframework.ai.mcp.client.common.autoconfigure.annotations.McpClientAnnotationScannerAutoConfiguration$ClientMcpAnnotatedBeans] is not eligible for getting processed by all BeanPostProcessors (for example: not eligible for auto-proxying). Is this bean getting eagerly injected/applied to a currently created BeanPostProcessor [clientAnnotatedMethodBeanPostProcessor]? Check the corresponding BeanPostProcessor declaration and its dependencies/advisors. If this bean does not have to be post-processed, declare it with ROLE_INFRASTRUCTURE.
26-05-12.22:11:49.929 [main            ] WARN  PostProcessorRegistrationDelegate$BeanPostProcessorChecker - Bean 'spring.ai.mcp.client.annotation-scanner-org.springframework.ai.mcp.client.common.autoconfigure.annotations.McpClientAnnotationScannerProperties' of type [org.springframework.ai.mcp.client.common.autoconfigure.annotations.McpClientAnnotationScannerProperties] is not eligible for getting processed by all BeanPostProcessors (for example: not eligible for auto-proxying). Is this bean getting eagerly injected/applied to a currently created BeanPostProcessor [clientAnnotatedMethodBeanPostProcessor]? Check the corresponding BeanPostProcessor declaration and its dependencies/advisors. If this bean does not have to be post-processed, declare it with ROLE_INFRASTRUCTURE.
26-05-12.22:11:51.125 [main            ] WARN  SyncMcpSamplingProvider - No sampling methods found
26-05-12.22:11:51.129 [main            ] WARN  SyncMcpElicitationProvider - No elicitation methods found
26-05-12.22:16:43.738 [main            ] WARN  PostProcessorRegistrationDelegate$BeanPostProcessorChecker - Bean 'org.springframework.ai.mcp.client.common.autoconfigure.annotations.McpClientAnnotationScannerAutoConfiguration' of type [org.springframework.ai.mcp.client.common.autoconfigure.annotations.McpClientAnnotationScannerAutoConfiguration] is not eligible for getting processed by all BeanPostProcessors (for example: not eligible for auto-proxying). Is this bean getting eagerly injected/applied to a currently created BeanPostProcessor [clientAnnotatedMethodBeanPostProcessor]? Check the corresponding BeanPostProcessor declaration and its dependencies/advisors. If this bean does not have to be post-processed, declare it with ROLE_INFRASTRUCTURE.
26-05-12.22:16:43.744 [main            ] WARN  PostProcessorRegistrationDelegate$BeanPostProcessorChecker - Bean 'clientAnnotatedBeans' of type [org.springframework.ai.mcp.client.common.autoconfigure.annotations.McpClientAnnotationScannerAutoConfiguration$ClientMcpAnnotatedBeans] is not eligible for getting processed by all BeanPostProcessors (for example: not eligible for auto-proxying). Is this bean getting eagerly injected/applied to a currently created BeanPostProcessor [clientAnnotatedMethodBeanPostProcessor]? Check the corresponding BeanPostProcessor declaration and its dependencies/advisors. If this bean does not have to be post-processed, declare it with ROLE_INFRASTRUCTURE.
26-05-12.22:16:43.755 [main            ] WARN  PostProcessorRegistrationDelegate$BeanPostProcessorChecker - Bean 'spring.ai.mcp.client.annotation-scanner-org.springframework.ai.mcp.client.common.autoconfigure.annotations.McpClientAnnotationScannerProperties' of type [org.springframework.ai.mcp.client.common.autoconfigure.annotations.McpClientAnnotationScannerProperties] is not eligible for getting processed by all BeanPostProcessors (for example: not eligible for auto-proxying). Is this bean getting eagerly injected/applied to a currently created BeanPostProcessor [clientAnnotatedMethodBeanPostProcessor]? Check the corresponding BeanPostProcessor declaration and its dependencies/advisors. If this bean does not have to be post-processed, declare it with ROLE_INFRASTRUCTURE.
26-05-12.22:16:45.019 [main            ] WARN  SyncMcpSamplingProvider - No sampling methods found
26-05-12.22:16:45.022 [main            ] WARN  SyncMcpElicitationProvider - No elicitation methods found
26-05-12.22:16:49.900 [main            ] ERROR SyncMcpToolCallback    - Error calling tool: [TextContent[annotations=null, text=Error executing tool AIsearch: 1 validation error for AIsearchArguments
search_domain_filter
  Input should be a valid list [type=list_type, input_value=None, input_type=NoneType]
    For further information visit https://errors.pydantic.dev/2.10/v/list_type, meta=null]]
26-05-12.22:28:48.741 [main            ] WARN  PostProcessorRegistrationDelegate$BeanPostProcessorChecker - Bean 'org.springframework.ai.mcp.client.common.autoconfigure.annotations.McpClientAnnotationScannerAutoConfiguration' of type [org.springframework.ai.mcp.client.common.autoconfigure.annotations.McpClientAnnotationScannerAutoConfiguration] is not eligible for getting processed by all BeanPostProcessors (for example: not eligible for auto-proxying). Is this bean getting eagerly injected/applied to a currently created BeanPostProcessor [clientAnnotatedMethodBeanPostProcessor]? Check the corresponding BeanPostProcessor declaration and its dependencies/advisors. If this bean does not have to be post-processed, declare it with ROLE_INFRASTRUCTURE.
26-05-12.22:28:48.744 [main            ] WARN  PostProcessorRegistrationDelegate$BeanPostProcessorChecker - Bean 'clientAnnotatedBeans' of type [org.springframework.ai.mcp.client.common.autoconfigure.annotations.McpClientAnnotationScannerAutoConfiguration$ClientMcpAnnotatedBeans] is not eligible for getting processed by all BeanPostProcessors (for example: not eligible for auto-proxying). Is this bean getting eagerly injected/applied to a currently created BeanPostProcessor [clientAnnotatedMethodBeanPostProcessor]? Check the corresponding BeanPostProcessor declaration and its dependencies/advisors. If this bean does not have to be post-processed, declare it with ROLE_INFRASTRUCTURE.
26-05-12.22:28:48.757 [main            ] WARN  PostProcessorRegistrationDelegate$BeanPostProcessorChecker - Bean 'spring.ai.mcp.client.annotation-scanner-org.springframework.ai.mcp.client.common.autoconfigure.annotations.McpClientAnnotationScannerProperties' of type [org.springframework.ai.mcp.client.common.autoconfigure.annotations.McpClientAnnotationScannerProperties] is not eligible for getting processed by all BeanPostProcessors (for example: not eligible for auto-proxying). Is this bean getting eagerly injected/applied to a currently created BeanPostProcessor [clientAnnotatedMethodBeanPostProcessor]? Check the corresponding BeanPostProcessor declaration and its dependencies/advisors. If this bean does not have to be post-processed, declare it with ROLE_INFRASTRUCTURE.
26-05-12.22:28:50.429 [main            ] WARN  SyncMcpSamplingProvider - No sampling methods found
26-05-12.22:28:50.432 [main            ] WARN  SyncMcpElicitationProvider - No elicitation methods found
26-05-12.22:29:17.980 [main            ] WARN  PostProcessorRegistrationDelegate$BeanPostProcessorChecker - Bean 'org.springframework.ai.mcp.client.common.autoconfigure.annotations.McpClientAnnotationScannerAutoConfiguration' of type [org.springframework.ai.mcp.client.common.autoconfigure.annotations.McpClientAnnotationScannerAutoConfiguration] is not eligible for getting processed by all BeanPostProcessors (for example: not eligible for auto-proxying). Is this bean getting eagerly injected/applied to a currently created BeanPostProcessor [clientAnnotatedMethodBeanPostProcessor]? Check the corresponding BeanPostProcessor declaration and its dependencies/advisors. If this bean does not have to be post-processed, declare it with ROLE_INFRASTRUCTURE.
26-05-12.22:29:17.984 [main            ] WARN  PostProcessorRegistrationDelegate$BeanPostProcessorChecker - Bean 'clientAnnotatedBeans' of type [org.springframework.ai.mcp.client.common.autoconfigure.annotations.McpClientAnnotationScannerAutoConfiguration$ClientMcpAnnotatedBeans] is not eligible for getting processed by all BeanPostProcessors (for example: not eligible for auto-proxying). Is this bean getting eagerly injected/applied to a currently created BeanPostProcessor [clientAnnotatedMethodBeanPostProcessor]? Check the corresponding BeanPostProcessor declaration and its dependencies/advisors. If this bean does not have to be post-processed, declare it with ROLE_INFRASTRUCTURE.
26-05-12.22:29:17.990 [main            ] WARN  PostProcessorRegistrationDelegate$BeanPostProcessorChecker - Bean 'spring.ai.mcp.client.annotation-scanner-org.springframework.ai.mcp.client.common.autoconfigure.annotations.McpClientAnnotationScannerProperties' of type [org.springframework.ai.mcp.client.common.autoconfigure.annotations.McpClientAnnotationScannerProperties] is not eligible for getting processed by all BeanPostProcessors (for example: not eligible for auto-proxying). Is this bean getting eagerly injected/applied to a currently created BeanPostProcessor [clientAnnotatedMethodBeanPostProcessor]? Check the corresponding BeanPostProcessor declaration and its dependencies/advisors. If this bean does not have to be post-processed, declare it with ROLE_INFRASTRUCTURE.
26-05-12.22:29:19.779 [main            ] WARN  SyncMcpSamplingProvider - No sampling methods found
26-05-12.22:29:19.783 [main            ] WARN  SyncMcpElicitationProvider - No elicitation methods found
26-05-12.22:32:18.609 [main            ] WARN  PostProcessorRegistrationDelegate$BeanPostProcessorChecker - Bean 'org.springframework.ai.mcp.client.common.autoconfigure.annotations.McpClientAnnotationScannerAutoConfiguration' of type [org.springframework.ai.mcp.client.common.autoconfigure.annotations.McpClientAnnotationScannerAutoConfiguration] is not eligible for getting processed by all BeanPostProcessors (for example: not eligible for auto-proxying). Is this bean getting eagerly injected/applied to a currently created BeanPostProcessor [clientAnnotatedMethodBeanPostProcessor]? Check the corresponding BeanPostProcessor declaration and its dependencies/advisors. If this bean does not have to be post-processed, declare it with ROLE_INFRASTRUCTURE.
26-05-12.22:32:18.615 [main            ] WARN  PostProcessorRegistrationDelegate$BeanPostProcessorChecker - Bean 'clientAnnotatedBeans' of type [org.springframework.ai.mcp.client.common.autoconfigure.annotations.McpClientAnnotationScannerAutoConfiguration$ClientMcpAnnotatedBeans] is not eligible for getting processed by all BeanPostProcessors (for example: not eligible for auto-proxying). Is this bean getting eagerly injected/applied to a currently created BeanPostProcessor [clientAnnotatedMethodBeanPostProcessor]? Check the corresponding BeanPostProcessor declaration and its dependencies/advisors. If this bean does not have to be post-processed, declare it with ROLE_INFRASTRUCTURE.
26-05-12.22:32:18.625 [main            ] WARN  PostProcessorRegistrationDelegate$BeanPostProcessorChecker - Bean 'spring.ai.mcp.client.annotation-scanner-org.springframework.ai.mcp.client.common.autoconfigure.annotations.McpClientAnnotationScannerProperties' of type [org.springframework.ai.mcp.client.common.autoconfigure.annotations.McpClientAnnotationScannerProperties] is not eligible for getting processed by all BeanPostProcessors (for example: not eligible for auto-proxying). Is this bean getting eagerly injected/applied to a currently created BeanPostProcessor [clientAnnotatedMethodBeanPostProcessor]? Check the corresponding BeanPostProcessor declaration and its dependencies/advisors. If this bean does not have to be post-processed, declare it with ROLE_INFRASTRUCTURE.
26-05-12.22:32:20.340 [main            ] WARN  SyncMcpSamplingProvider - No sampling methods found
26-05-12.22:32:20.343 [main            ] WARN  SyncMcpElicitationProvider - No elicitation methods found
26-05-12.22:32:47.586 [main            ] WARN  PostProcessorRegistrationDelegate$BeanPostProcessorChecker - Bean 'org.springframework.ai.mcp.client.common.autoconfigure.annotations.McpClientAnnotationScannerAutoConfiguration' of type [org.springframework.ai.mcp.client.common.autoconfigure.annotations.McpClientAnnotationScannerAutoConfiguration] is not eligible for getting processed by all BeanPostProcessors (for example: not eligible for auto-proxying). Is this bean getting eagerly injected/applied to a currently created BeanPostProcessor [clientAnnotatedMethodBeanPostProcessor]? Check the corresponding BeanPostProcessor declaration and its dependencies/advisors. If this bean does not have to be post-processed, declare it with ROLE_INFRASTRUCTURE.
26-05-12.22:32:47.590 [main            ] WARN  PostProcessorRegistrationDelegate$BeanPostProcessorChecker - Bean 'clientAnnotatedBeans' of type [org.springframework.ai.mcp.client.common.autoconfigure.annotations.McpClientAnnotationScannerAutoConfiguration$ClientMcpAnnotatedBeans] is not eligible for getting processed by all BeanPostProcessors (for example: not eligible for auto-proxying). Is this bean getting eagerly injected/applied to a currently created BeanPostProcessor [clientAnnotatedMethodBeanPostProcessor]? Check the corresponding BeanPostProcessor declaration and its dependencies/advisors. If this bean does not have to be post-processed, declare it with ROLE_INFRASTRUCTURE.
26-05-12.22:32:47.599 [main            ] WARN  PostProcessorRegistrationDelegate$BeanPostProcessorChecker - Bean 'spring.ai.mcp.client.annotation-scanner-org.springframework.ai.mcp.client.common.autoconfigure.annotations.McpClientAnnotationScannerProperties' of type [org.springframework.ai.mcp.client.common.autoconfigure.annotations.McpClientAnnotationScannerProperties] is not eligible for getting processed by all BeanPostProcessors (for example: not eligible for auto-proxying). Is this bean getting eagerly injected/applied to a currently created BeanPostProcessor [clientAnnotatedMethodBeanPostProcessor]? Check the corresponding BeanPostProcessor declaration and its dependencies/advisors. If this bean does not have to be post-processed, declare it with ROLE_INFRASTRUCTURE.
26-05-12.22:32:49.207 [main            ] WARN  SyncMcpSamplingProvider - No sampling methods found
26-05-12.22:32:49.210 [main            ] WARN  SyncMcpElicitationProvider - No elicitation methods found
26-05-12.22:33:24.729 [main            ] WARN  PostProcessorRegistrationDelegate$BeanPostProcessorChecker - Bean 'org.springframework.ai.mcp.client.common.autoconfigure.annotations.McpClientAnnotationScannerAutoConfiguration' of type [org.springframework.ai.mcp.client.common.autoconfigure.annotations.McpClientAnnotationScannerAutoConfiguration] is not eligible for getting processed by all BeanPostProcessors (for example: not eligible for auto-proxying). Is this bean getting eagerly injected/applied to a currently created BeanPostProcessor [clientAnnotatedMethodBeanPostProcessor]? Check the corresponding BeanPostProcessor declaration and its dependencies/advisors. If this bean does not have to be post-processed, declare it with ROLE_INFRASTRUCTURE.
26-05-12.22:33:24.733 [main            ] WARN  PostProcessorRegistrationDelegate$BeanPostProcessorChecker - Bean 'clientAnnotatedBeans' of type [org.springframework.ai.mcp.client.common.autoconfigure.annotations.McpClientAnnotationScannerAutoConfiguration$ClientMcpAnnotatedBeans] is not eligible for getting processed by all BeanPostProcessors (for example: not eligible for auto-proxying). Is this bean getting eagerly injected/applied to a currently created BeanPostProcessor [clientAnnotatedMethodBeanPostProcessor]? Check the corresponding BeanPostProcessor declaration and its dependencies/advisors. If this bean does not have to be post-processed, declare it with ROLE_INFRASTRUCTURE.
26-05-12.22:33:24.741 [main            ] WARN  PostProcessorRegistrationDelegate$BeanPostProcessorChecker - Bean 'spring.ai.mcp.client.annotation-scanner-org.springframework.ai.mcp.client.common.autoconfigure.annotations.McpClientAnnotationScannerProperties' of type [org.springframework.ai.mcp.client.common.autoconfigure.annotations.McpClientAnnotationScannerProperties] is not eligible for getting processed by all BeanPostProcessors (for example: not eligible for auto-proxying). Is this bean getting eagerly injected/applied to a currently created BeanPostProcessor [clientAnnotatedMethodBeanPostProcessor]? Check the corresponding BeanPostProcessor declaration and its dependencies/advisors. If this bean does not have to be post-processed, declare it with ROLE_INFRASTRUCTURE.
26-05-12.22:33:26.484 [main            ] WARN  SyncMcpSamplingProvider - No sampling methods found
26-05-12.22:33:26.488 [main            ] WARN  SyncMcpElicitationProvider - No elicitation methods found
26-05-12.22:34:04.935 [main            ] WARN  PostProcessorRegistrationDelegate$BeanPostProcessorChecker - Bean 'org.springframework.ai.mcp.client.common.autoconfigure.annotations.McpClientAnnotationScannerAutoConfiguration' of type [org.springframework.ai.mcp.client.common.autoconfigure.annotations.McpClientAnnotationScannerAutoConfiguration] is not eligible for getting processed by all BeanPostProcessors (for example: not eligible for auto-proxying). Is this bean getting eagerly injected/applied to a currently created BeanPostProcessor [clientAnnotatedMethodBeanPostProcessor]? Check the corresponding BeanPostProcessor declaration and its dependencies/advisors. If this bean does not have to be post-processed, declare it with ROLE_INFRASTRUCTURE.
26-05-12.22:34:04.937 [main            ] WARN  PostProcessorRegistrationDelegate$BeanPostProcessorChecker - Bean 'clientAnnotatedBeans' of type [org.springframework.ai.mcp.client.common.autoconfigure.annotations.McpClientAnnotationScannerAutoConfiguration$ClientMcpAnnotatedBeans] is not eligible for getting processed by all BeanPostProcessors (for example: not eligible for auto-proxying). Is this bean getting eagerly injected/applied to a currently created BeanPostProcessor [clientAnnotatedMethodBeanPostProcessor]? Check the corresponding BeanPostProcessor declaration and its dependencies/advisors. If this bean does not have to be post-processed, declare it with ROLE_INFRASTRUCTURE.
26-05-12.22:34:04.944 [main            ] WARN  PostProcessorRegistrationDelegate$BeanPostProcessorChecker - Bean 'spring.ai.mcp.client.annotation-scanner-org.springframework.ai.mcp.client.common.autoconfigure.annotations.McpClientAnnotationScannerProperties' of type [org.springframework.ai.mcp.client.common.autoconfigure.annotations.McpClientAnnotationScannerProperties] is not eligible for getting processed by all BeanPostProcessors (for example: not eligible for auto-proxying). Is this bean getting eagerly injected/applied to a currently created BeanPostProcessor [clientAnnotatedMethodBeanPostProcessor]? Check the corresponding BeanPostProcessor declaration and its dependencies/advisors. If this bean does not have to be post-processed, declare it with ROLE_INFRASTRUCTURE.
26-05-12.22:34:06.612 [main            ] WARN  SyncMcpSamplingProvider - No sampling methods found
26-05-12.22:34:06.614 [main            ] WARN  SyncMcpElicitationProvider - No elicitation methods found
26-05-12.22:42:48.988 [main            ] WARN  PostProcessorRegistrationDelegate$BeanPostProcessorChecker - Bean 'org.springframework.ai.mcp.client.common.autoconfigure.annotations.McpClientAnnotationScannerAutoConfiguration' of type [org.springframework.ai.mcp.client.common.autoconfigure.annotations.McpClientAnnotationScannerAutoConfiguration] is not eligible for getting processed by all BeanPostProcessors (for example: not eligible for auto-proxying). Is this bean getting eagerly injected/applied to a currently created BeanPostProcessor [clientAnnotatedMethodBeanPostProcessor]? Check the corresponding BeanPostProcessor declaration and its dependencies/advisors. If this bean does not have to be post-processed, declare it with ROLE_INFRASTRUCTURE.
26-05-12.22:42:48.990 [main            ] WARN  PostProcessorRegistrationDelegate$BeanPostProcessorChecker - Bean 'clientAnnotatedBeans' of type [org.springframework.ai.mcp.client.common.autoconfigure.annotations.McpClientAnnotationScannerAutoConfiguration$ClientMcpAnnotatedBeans] is not eligible for getting processed by all BeanPostProcessors (for example: not eligible for auto-proxying). Is this bean getting eagerly injected/applied to a currently created BeanPostProcessor [clientAnnotatedMethodBeanPostProcessor]? Check the corresponding BeanPostProcessor declaration and its dependencies/advisors. If this bean does not have to be post-processed, declare it with ROLE_INFRASTRUCTURE.
26-05-12.22:42:48.998 [main            ] WARN  PostProcessorRegistrationDelegate$BeanPostProcessorChecker - Bean 'spring.ai.mcp.client.annotation-scanner-org.springframework.ai.mcp.client.common.autoconfigure.annotations.McpClientAnnotationScannerProperties' of type [org.springframework.ai.mcp.client.common.autoconfigure.annotations.McpClientAnnotationScannerProperties] is not eligible for getting processed by all BeanPostProcessors (for example: not eligible for auto-proxying). Is this bean getting eagerly injected/applied to a currently created BeanPostProcessor [clientAnnotatedMethodBeanPostProcessor]? Check the corresponding BeanPostProcessor declaration and its dependencies/advisors. If this bean does not have to be post-processed, declare it with ROLE_INFRASTRUCTURE.
26-05-12.22:42:50.265 [main            ] WARN  SyncMcpSamplingProvider - No sampling methods found
26-05-12.22:42:50.268 [main            ] WARN  SyncMcpElicitationProvider - No elicitation methods found
